,# run,cmsls,prescidx,totprescval,hltpath/prescval,logic,l1bit/prescval
8,297100,164.0,7.0,2.0,HLT_BTagMu_AK4Jet300_Mu5_v5/2,ONE,L1_SingleJet200/1.00
9,297100,182.0,8.0,2.0,HLT_BTagMu_AK4Jet300_Mu5_v5/2,ONE,L1_SingleJet200/1.00
10,297100,195.0,9.0,2.0,HLT_BTagMu_AK4Jet300_Mu5_v5/2,ONE,L1_SingleJet200/1.00
11,297100,207.0,10.0,2.0,HLT_BTagMu_AK4Jet300_Mu5_v5/2,ONE,L1_SingleJet200/1.00
22,297215,1.0,3.0,2.0,HLT_BTagMu_AK4Jet300_Mu5_v5/2,ONE,L1_SingleJet200/1.00
23,297218,1.0,3.0,2.0,HLT_BTagMu_AK4Jet300_Mu5_v5/2,ONE,L1_SingleJet200/1.00
24,297218,9.0,4.0,2.0,HLT_BTagMu_AK4Jet300_Mu5_v5/2,ONE,L1_SingleJet200/1.00
25,297219,1.0,4.0,2.0,HLT_BTagMu_AK4Jet300_Mu5_v5/2,ONE,L1_SingleJet200/1.00
26,297219,28.0,5.0,2.0,HLT_BTagMu_AK4Jet300_Mu5_v5/2,ONE,L1_SingleJet200/1.00
28,297224,10.0,5.0,2.0,HLT_BTagMu_AK4Jet300_Mu5_v5/2,ONE,L1_SingleJet200/1.00
29,297225,1.0,5.0,2.0,HLT_BTagMu_AK4Jet300_Mu5_v5/2,ONE,L1_SingleJet200/1.00
31,297227,9.0,5.0,2.0,HLT_BTagMu_AK4Jet300_Mu5_v5/2,ONE,L1_SingleJet200/1.00
32,297292,1.0,4.0,2.0,HLT_BTagMu_AK4Jet300_Mu5_v5/2,ONE,L1_SingleJet200/1.00
33,297292,326.0,5.0,2.0,HLT_BTagMu_AK4Jet300_Mu5_v5/2,ONE,L1_SingleJet200/1.00
34,297293,1.0,5.0,2.0,HLT_BTagMu_AK4Jet300_Mu5_v5/2,ONE,L1_SingleJet200/1.00
35,297296,1.0,5.0,2.0,HLT_BTagMu_AK4Jet300_Mu5_v5/2,ONE,L1_SingleJet200/1.00
36,297296,208.0,6.0,2.0,HLT_BTagMu_AK4Jet300_Mu5_v5/2,ONE,L1_SingleJet200/1.00
37,297308,1.0,6.0,2.0,HLT_BTagMu_AK4Jet300_Mu5_v5/2,ONE,L1_SingleJet200/1.00
39,297359,34.0,2.0,2.0,HLT_BTagMu_AK4Jet300_Mu5_v5/2,ONE,L1_SingleJet200/1.00
40,297359,51.0,3.0,2.0,HLT_BTagMu_AK4Jet300_Mu5_v5/2,ONE,L1_SingleJet200/1.00
42,297411,25.0,5.0,2.0,HLT_BTagMu_AK4Jet300_Mu5_v5/2,ONE,L1_SingleJet200/1.00
43,297411,35.0,4.0,2.0,HLT_BTagMu_AK4Jet300_Mu5_v5/2,ONE,L1_SingleJet200/1.00
44,297411,449.0,5.0,2.0,HLT_BTagMu_AK4Jet300_Mu5_v5/2,ONE,L1_SingleJet200/1.00
46,297424,13.0,3.0,2.0,HLT_BTagMu_AK4Jet300_Mu5_v5/2,ONE,L1_SingleJet200/1.00
47,297425,1.0,3.0,2.0,HLT_BTagMu_AK4Jet300_Mu5_v5/2,ONE,L1_SingleJet200/1.00
48,297426,1.0,3.0,2.0,HLT_BTagMu_AK4Jet300_Mu5_v5/2,ONE,L1_SingleJet200/1.00
49,297426,7.0,4.0,2.0,HLT_BTagMu_AK4Jet300_Mu5_v5/2,ONE,L1_SingleJet200/1.00
50,297429,1.0,4.0,2.0,HLT_BTagMu_AK4Jet300_Mu5_v5/2,ONE,L1_SingleJet200/1.00
51,297429,49.0,5.0,2.0,HLT_BTagMu_AK4Jet300_Mu5_v5/2,ONE,L1_SingleJet200/1.00
52,297430,1.0,5.0,2.0,HLT_BTagMu_AK4Jet300_Mu5_v5/2,ONE,L1_SingleJet200/1.00
53,297431,1.0,5.0,2.0,HLT_BTagMu_AK4Jet300_Mu5_v5/2,ONE,L1_SingleJet200/1.00
54,297432,1.0,5.0,2.0,HLT_BTagMu_AK4Jet300_Mu5_v5/2,ONE,L1_SingleJet200/1.00
55,297433,1.0,5.0,2.0,HLT_BTagMu_AK4Jet300_Mu5_v5/2,ONE,L1_SingleJet200/1.00
56,297434,1.0,5.0,2.0,HLT_BTagMu_AK4Jet300_Mu5_v5/2,ONE,L1_SingleJet200/1.00
57,297434,134.0,6.0,2.0,HLT_BTagMu_AK4Jet300_Mu5_v5/2,ONE,L1_SingleJet200/1.00
58,297435,1.0,6.0,2.0,HLT_BTagMu_AK4Jet300_Mu5_v5/2,ONE,L1_SingleJet200/1.00
60,297467,4.0,2.0,2.0,HLT_BTagMu_AK4Jet300_Mu5_v5/2,ONE,L1_SingleJet200/1.00
61,297467,54.0,3.0,2.0,HLT_BTagMu_AK4Jet300_Mu5_v5/2,ONE,L1_SingleJet200/1.00
62,297468,1.0,3.0,2.0,HLT_BTagMu_AK4Jet300_Mu5_v5/2,ONE,L1_SingleJet200/1.00
63,297469,1.0,3.0,2.0,HLT_BTagMu_AK4Jet300_Mu5_v5/2,ONE,L1_SingleJet200/1.00
65,297483,32.0,3.0,2.0,HLT_BTagMu_AK4Jet300_Mu5_v5/2,ONE,L1_SingleJet200/1.00
66,297483,172.0,4.0,2.0,HLT_BTagMu_AK4Jet300_Mu5_v5/2,ONE,L1_SingleJet200/1.00
67,297484,1.0,4.0,2.0,HLT_BTagMu_AK4Jet300_Mu5_v5/2,ONE,L1_SingleJet200/1.00
68,297485,1.0,4.0,2.0,HLT_BTagMu_AK4Jet300_Mu5_v5/2,ONE,L1_SingleJet200/1.00
69,297485,201.0,5.0,2.0,HLT_BTagMu_AK4Jet300_Mu5_v5/2,ONE,L1_SingleJet200/1.00
70,297486,1.0,5.0,2.0,HLT_BTagMu_AK4Jet300_Mu5_v5/2,ONE,L1_SingleJet200/1.00
71,297486,306.0,6.0,2.0,HLT_BTagMu_AK4Jet300_Mu5_v5/2,ONE,L1_SingleJet200/1.00
72,297487,1.0,6.0,2.0,HLT_BTagMu_AK4Jet300_Mu5_v5/2,ONE,L1_SingleJet200/1.00
73,297488,1.0,6.0,2.0,HLT_BTagMu_AK4Jet300_Mu5_v5/2,ONE,L1_SingleJet200/1.00
74,297488,158.0,7.0,2.0,HLT_BTagMu_AK4Jet300_Mu5_v5/2,ONE,L1_SingleJet200/1.00
76,297503,5.0,4.0,2.0,HLT_BTagMu_AK4Jet300_Mu5_v5/2,ONE,L1_SingleJet200/1.00
77,297503,324.0,5.0,2.0,HLT_BTagMu_AK4Jet300_Mu5_v5/2,ONE,L1_SingleJet200/1.00
78,297504,1.0,5.0,2.0,HLT_BTagMu_AK4Jet300_Mu5_v5/2,ONE,L1_SingleJet200/1.00
79,297505,1.0,5.0,2.0,HLT_BTagMu_AK4Jet300_Mu5_v5/2,ONE,L1_SingleJet200/1.00
80,297505,311.0,6.0,2.0,HLT_BTagMu_AK4Jet300_Mu5_v5/2,ONE,L1_SingleJet200/1.00
82,297557,7.0,3.0,2.0,HLT_BTagMu_AK4Jet300_Mu5_v6/2,ONE,L1_SingleJet200/1.00
87,297557,67.0,3.0,2.0,HLT_BTagMu_AK4Jet300_Mu5_v6/2,ONE,L1_SingleJet200/1.00
88,297557,301.0,4.0,2.0,HLT_BTagMu_AK4Jet300_Mu5_v6/2,ONE,L1_SingleJet200/1.00
90,297558,9.0,4.0,2.0,HLT_BTagMu_AK4Jet300_Mu5_v6/2,ONE,L1_SingleJet200/1.00
91,297558,258.0,5.0,2.0,HLT_BTagMu_AK4Jet300_Mu5_v6/2,ONE,L1_SingleJet200/1.00
92,297562,1.0,5.0,2.0,HLT_BTagMu_AK4Jet300_Mu5_v6/2,ONE,L1_SingleJet200/1.00
98,297562,120.0,5.0,2.0,HLT_BTagMu_AK4Jet300_Mu5_v6/2,ONE,L1_SingleJet200/1.00
99,297563,1.0,5.0,2.0,HLT_BTagMu_AK4Jet300_Mu5_v6/2,ONE,L1_SingleJet200/1.00
100,297563,63.0,6.0,2.0,HLT_BTagMu_AK4Jet300_Mu5_v6/2,ONE,L1_SingleJet200/1.00
102,297598,18.0,3.0,2.0,HLT_BTagMu_AK4Jet300_Mu5_v6/2,ONE,L1_SingleJet200/1.00
103,297599,1.0,3.0,2.0,HLT_BTagMu_AK4Jet300_Mu5_v6/2,ONE,L1_SingleJet200/1.00
104,297599,91.0,4.0,2.0,HLT_BTagMu_AK4Jet300_Mu5_v6/2,ONE,L1_SingleJet200/1.00
105,297603,1.0,4.0,2.0,HLT_BTagMu_AK4Jet300_Mu5_v6/2,ONE,L1_SingleJet200/1.00
106,297603,110.0,5.0,2.0,HLT_BTagMu_AK4Jet300_Mu5_v6/2,ONE,L1_SingleJet200/1.00
107,297604,1.0,5.0,2.0,HLT_BTagMu_AK4Jet300_Mu5_v6/2,ONE,L1_SingleJet200/1.00
108,297605,1.0,5.0,2.0,HLT_BTagMu_AK4Jet300_Mu5_v6/2,ONE,L1_SingleJet200/1.00
109,297605,190.0,6.0,2.0,HLT_BTagMu_AK4Jet300_Mu5_v6/2,ONE,L1_SingleJet200/1.00
114,297605,257.0,6.0,2.0,HLT_BTagMu_AK4Jet300_Mu5_v6/2,ONE,L1_SingleJet200/1.00
115,297606,1.0,6.0,2.0,HLT_BTagMu_AK4Jet300_Mu5_v6/2,ONE,L1_SingleJet200/1.00
117,297620,24.0,5.0,2.0,HLT_BTagMu_AK4Jet300_Mu5_v6/2,ONE,L1_SingleJet200/1.00
118,297620,26.0,4.0,2.0,HLT_BTagMu_AK4Jet300_Mu5_v6/2,ONE,L1_SingleJet200/1.00
119,297620,37.0,5.0,2.0,HLT_BTagMu_AK4Jet300_Mu5_v6/2,ONE,L1_SingleJet200/1.00
121,297656,21.0,7.0,2.0,HLT_BTagMu_AK4Jet300_Mu5_v6/2,ONE,L1_SingleJet200/1.00
122,297656,36.0,3.0,2.0,HLT_BTagMu_AK4Jet300_Mu5_v6/2,ONE,L1_SingleJet200/1.00
123,297656,51.0,5.0,2.0,HLT_BTagMu_AK4Jet300_Mu5_v6/2,ONE,L1_SingleJet200/1.00
124,297665,1.0,7.0,2.0,HLT_BTagMu_AK4Jet300_Mu5_v6/2,ONE,L1_SingleJet200/1.00
125,297666,1.0,7.0,2.0,HLT_BTagMu_AK4Jet300_Mu5_v6/2,ONE,L1_SingleJet200/1.00
129,297670,21.0,4.0,2.0,HLT_BTagMu_AK4Jet300_Mu5_v6/2,ONE,L1_SingleJet200/1.00
131,297674,3.0,4.0,2.0,HLT_BTagMu_AK4Jet300_Mu5_v6/2,ONE,L1_SingleJet200/1.00
132,297675,1.0,4.0,2.0,HLT_BTagMu_AK4Jet300_Mu5_v6/2,ONE,L1_SingleJet200/1.00
133,297675,57.0,6.0,2.0,HLT_BTagMu_AK4Jet300_Mu5_v6/2,ONE,L1_SingleJet200/1.00
134,297675,410.0,7.0,2.0,HLT_BTagMu_AK4Jet300_Mu5_v6/2,ONE,L1_SingleJet200/1.00
136,297722,35.0,4.0,2.0,HLT_BTagMu_AK4Jet300_Mu5_v6/2,ONE,L1_SingleJet200/1.00
137,297723,1.0,4.0,2.0,HLT_BTagMu_AK4Jet300_Mu5_v6/2,ONE,L1_SingleJet200/1.00
142,297723,51.0,6.0,2.0,HLT_BTagMu_AK4Jet300_Mu5_v6/2,ONE,L1_SingleJet200/1.00
144,298996,28.0,8.0,2.0,HLT_BTagMu_AK4Jet300_Mu5_v6/2,ONE,L1_SingleJet200/1.00
145,298997,1.0,8.0,2.0,HLT_BTagMu_AK4Jet300_Mu5_v6/2,ONE,L1_SingleJet200/1.00
146,298997,4.0,1.0,2.0,HLT_BTagMu_AK4Jet300_Mu5_v6/2,ONE,L1_SingleJet200/1.00
149,299000,4.0,8.0,2.0,HLT_BTagMu_AK4Jet300_Mu5_v6/2,ONE,L1_SingleJet200/1.00
151,299042,13.0,8.0,2.0,HLT_BTagMu_AK4Jet300_Mu5_v6/2,ONE,L1_SingleJet200/1.00
153,299061,22.0,10.0,2.0,HLT_BTagMu_AK4Jet300_Mu5_v6/2,ONE,L1_SingleJet200/1.00
154,299061,35.0,4.0,2.0,HLT_BTagMu_AK4Jet300_Mu5_v6/2,ONE,L1_SingleJet200/1.00
155,299061,37.0,6.0,2.0,HLT_BTagMu_AK4Jet300_Mu5_v6/2,ONE,L1_SingleJet200/1.00
156,299061,249.0,7.0,2.0,HLT_BTagMu_AK4Jet300_Mu5_v6/2,ONE,L1_SingleJet200/1.00
157,299062,1.0,7.0,2.0,HLT_BTagMu_AK4Jet300_Mu5_v6/2,ONE,L1_SingleJet200/1.00
159,299064,7.0,7.0,2.0,HLT_BTagMu_AK4Jet300_Mu5_v6/2,ONE,L1_SingleJet200/1.00
160,299065,1.0,7.0,2.0,HLT_BTagMu_AK4Jet300_Mu5_v6/2,ONE,L1_SingleJet200/1.00
161,299067,1.0,7.0,2.0,HLT_BTagMu_AK4Jet300_Mu5_v6/2,ONE,L1_SingleJet200/1.00
162,299067,31.0,8.0,2.0,HLT_BTagMu_AK4Jet300_Mu5_v6/2,ONE,L1_SingleJet200/1.00
164,299096,2.0,6.0,2.0,HLT_BTagMu_AK4Jet300_Mu5_v6/2,ONE,L1_SingleJet200/1.00
166,299149,18.0,6.0,2.0,HLT_BTagMu_AK4Jet300_Mu5_v6/2,ONE,L1_SingleJet200/1.00
167,299149,33.0,4.0,2.0,HLT_BTagMu_AK4Jet300_Mu5_v6/2,ONE,L1_SingleJet200/1.00
168,299149,215.0,6.0,2.0,HLT_BTagMu_AK4Jet300_Mu5_v6/2,ONE,L1_SingleJet200/1.00
170,299178,36.0,5.0,2.0,HLT_BTagMu_AK4Jet300_Mu5_v6/2,ONE,L1_SingleJet200/1.00
171,299178,52.0,4.0,2.0,HLT_BTagMu_AK4Jet300_Mu5_v6/2,ONE,L1_SingleJet200/1.00
173,299180,5.0,6.0,2.0,HLT_BTagMu_AK4Jet300_Mu5_v6/2,ONE,L1_SingleJet200/1.00
174,299184,1.0,6.0,2.0,HLT_BTagMu_AK4Jet300_Mu5_v6/2,ONE,L1_SingleJet200/1.00
175,299184,201.0,7.0,2.0,HLT_BTagMu_AK4Jet300_Mu5_v6/2,ONE,L1_SingleJet200/1.00
176,299185,1.0,7.0,2.0,HLT_BTagMu_AK4Jet300_Mu5_v6/2,ONE,L1_SingleJet200/1.00
177,299327,1.0,6.0,2.0,HLT_BTagMu_AK4Jet300_Mu5_v6/2,ONE,L1_SingleJet200/1.00
178,299327,30.0,7.0,2.0,HLT_BTagMu_AK4Jet300_Mu5_v6/2,ONE,L1_SingleJet200/1.00
179,299329,1.0,7.0,2.0,HLT_BTagMu_AK4Jet300_Mu5_v6/2,ONE,L1_SingleJet200/1.00
181,299368,35.0,7.0,1.0,HLT_BTagMu_AK4Jet300_Mu5_v7/1,ONE,L1_SingleJet200/1.00
182,299369,1.0,7.0,1.0,HLT_BTagMu_AK4Jet300_Mu5_v7/1,ONE,L1_SingleJet200/1.00
183,299370,1.0,7.0,1.0,HLT_BTagMu_AK4Jet300_Mu5_v7/1,ONE,L1_SingleJet200/1.00
185,299370,47.0,7.0,1.0,HLT_BTagMu_AK4Jet300_Mu5_v7/1,ONE,L1_SingleJet200/1.00
186,299370,56.0,9.0,1.0,HLT_BTagMu_AK4Jet300_Mu5_v7/1,ONE,L1_SingleJet200/1.00
187,299370,163.0,10.0,1.0,HLT_BTagMu_AK4Jet300_Mu5_v7/1,ONE,L1_SingleJet200/1.00
189,299380,34.0,7.0,1.0,HLT_BTagMu_AK4Jet300_Mu5_v7/1,ONE,L1_SingleJet200/1.00
190,299380,132.0,6.0,1.0,HLT_BTagMu_AK4Jet300_Mu5_v7/1,ONE,L1_SingleJet200/1.00
191,299380,137.0,8.0,1.0,HLT_BTagMu_AK4Jet300_Mu5_v7/1,ONE,L1_SingleJet200/1.00
192,299380,143.0,6.0,1.0,HLT_BTagMu_AK4Jet300_Mu5_v7/1,ONE,L1_SingleJet200/1.00
193,299380,151.0,5.0,1.0,HLT_BTagMu_AK4Jet300_Mu5_v7/1,ONE,L1_SingleJet200/1.00
194,299381,1.0,5.0,1.0,HLT_BTagMu_AK4Jet300_Mu5_v7/1,ONE,L1_SingleJet200/1.00
196,299394,5.0,5.0,1.0,HLT_BTagMu_AK4Jet300_Mu5_v7/1,ONE,L1_SingleJet200/1.00
197,299395,1.0,5.0,1.0,HLT_BTagMu_AK4Jet300_Mu5_v7/1,ONE,L1_SingleJet200/1.00
198,299395,29.0,7.0,1.0,HLT_BTagMu_AK4Jet300_Mu5_v7/1,ONE,L1_SingleJet200/1.00
199,299396,1.0,7.0,1.0,HLT_BTagMu_AK4Jet300_Mu5_v7/1,ONE,L1_SingleJet200/1.00
201,299420,2.0,7.0,1.0,HLT_BTagMu_AK4Jet300_Mu5_v7/1,ONE,L1_SingleJet200/1.00
202,299420,11.0,9.0,1.0,HLT_BTagMu_AK4Jet300_Mu5_v7/1,ONE,L1_SingleJet200/1.00
204,299443,51.0,9.0,1.0,HLT_BTagMu_AK4Jet300_Mu5_v7/1,ONE,L1_SingleJet200/1.00
206,299450,38.0,9.0,1.0,HLT_BTagMu_AK4Jet300_Mu5_v7/1,ONE,L1_SingleJet200/1.00
208,299477,39.0,7.0,1.0,HLT_BTagMu_AK4Jet300_Mu5_v7/1,ONE,L1_SingleJet200/1.00
209,299478,1.0,7.0,1.0,HLT_BTagMu_AK4Jet300_Mu5_v7/1,ONE,L1_SingleJet200/1.00
210,299479,1.0,7.0,1.0,HLT_BTagMu_AK4Jet300_Mu5_v7/1,ONE,L1_SingleJet200/1.00
211,299479,100.0,10.0,1.0,HLT_BTagMu_AK4Jet300_Mu5_v7/1,ONE,L1_SingleJet200/1.00
212,299480,1.0,10.0,1.0,HLT_BTagMu_AK4Jet300_Mu5_v7/1,ONE,L1_SingleJet200/1.00
213,299480,389.0,12.0,1.0,HLT_BTagMu_AK4Jet300_Mu5_v7/1,ONE,L1_SingleJet200/1.00
214,299481,1.0,12.0,1.0,HLT_BTagMu_AK4Jet300_Mu5_v7/1,ONE,L1_SingleJet200/1.00
215,299481,416.0,13.0,1.0,HLT_BTagMu_AK4Jet300_Mu5_v7/1,ONE,L1_SingleJet200/1.00
216,299481,676.0,14.0,1.0,HLT_BTagMu_AK4Jet300_Mu5_v7/1,ONE,L1_SingleJet200/1.00
217,299481,691.0,15.0,1.0,HLT_BTagMu_AK4Jet300_Mu5_v7/1,ONE,L1_SingleJet200/1.00
218,299593,1.0,8.0,1.0,HLT_BTagMu_AK4Jet300_Mu5_v7/1,ONE,L1_SingleJet200/1.00
219,299593,216.0,7.0,1.0,HLT_BTagMu_AK4Jet300_Mu5_v7/1,ONE,L1_SingleJet200/1.00
220,299593,361.0,10.0,1.0,HLT_BTagMu_AK4Jet300_Mu5_v7/1,ONE,L1_SingleJet200/1.00
221,299593,713.0,12.0,1.0,HLT_BTagMu_AK4Jet300_Mu5_v7/1,ONE,L1_SingleJet200/1.00
222,299594,1.0,12.0,1.0,HLT_BTagMu_AK4Jet300_Mu5_v7/1,ONE,L1_SingleJet200/1.00
223,299595,1.0,12.0,1.0,HLT_BTagMu_AK4Jet300_Mu5_v7/1,ONE,L1_SingleJet200/1.00
225,299597,3.0,12.0,1.0,HLT_BTagMu_AK4Jet300_Mu5_v7/1,ONE,L1_SingleJet200/1.00
227,299649,9.0,10.0,1.0,HLT_BTagMu_AK4Jet300_Mu5_v7/1,ONE,L1_SingleJet200/1.00
228,299649,36.0,7.0,1.0,HLT_BTagMu_AK4Jet300_Mu5_v7/1,ONE,L1_SingleJet200/1.00
229,299649,64.0,5.0,1.0,HLT_BTagMu_AK4Jet300_Mu5_v7/1,ONE,L1_SingleJet200/1.00
230,299649,87.0,7.0,1.0,HLT_BTagMu_AK4Jet300_Mu5_v7/1,ONE,L1_SingleJet200/1.00
231,299649,96.0,10.0,1.0,HLT_BTagMu_AK4Jet300_Mu5_v7/1,ONE,L1_SingleJet200/1.00
232,299649,103.0,3.0,1.0,HLT_BTagMu_AK4Jet300_Mu5_v7/1,ONE,L1_SingleJet200/1.00
233,299649,263.0,7.0,1.0,HLT_BTagMu_AK4Jet300_Mu5_v7/1,ONE,L1_SingleJet200/1.00
235,300087,35.0,8.0,1.0,HLT_BTagMu_AK4Jet300_Mu5_v8/1,ONE,L1_SingleJet200/1.00
236,300087,49.0,9.0,1.0,HLT_BTagMu_AK4Jet300_Mu5_v8/1,ONE,L1_SingleJet200/1.00
237,300105,1.0,4.0,1.0,HLT_BTagMu_AK4Jet300_Mu5_v8/1,ONE,L1_SingleJet200/1.00
238,300106,1.0,4.0,1.0,HLT_BTagMu_AK4Jet300_Mu5_v8/1,ONE,L1_SingleJet200/1.00
239,300107,1.0,4.0,1.0,HLT_BTagMu_AK4Jet300_Mu5_v8/1,ONE,L1_SingleJet200/1.00
241,300117,30.0,4.0,1.0,HLT_BTagMu_AK4Jet300_Mu5_v8/1,ONE,L1_SingleJet200/1.00
243,300122,46.0,3.0,1.0,HLT_BTagMu_AK4Jet300_Mu5_v8/1,ONE,L1_SingleJet200/1.00
244,300122,50.0,4.0,1.0,HLT_BTagMu_AK4Jet300_Mu5_v8/1,ONE,L1_SingleJet200/1.00
245,300122,482.0,5.0,1.0,HLT_BTagMu_AK4Jet300_Mu5_v8/1,ONE,L1_SingleJet200/1.00
246,300122,817.0,6.0,1.0,HLT_BTagMu_AK4Jet300_Mu5_v8/1,ONE,L1_SingleJet200/1.00
247,300122,1210.0,7.0,1.0,HLT_BTagMu_AK4Jet300_Mu5_v8/1,ONE,L1_SingleJet200/1.00
248,300123,1.0,7.0,1.0,HLT_BTagMu_AK4Jet300_Mu5_v8/1,ONE,L1_SingleJet200/1.00
250,300155,29.0,4.0,1.0,HLT_BTagMu_AK4Jet300_Mu5_v8/1,ONE,L1_SingleJet200/1.00
251,300155,423.0,5.0,1.0,HLT_BTagMu_AK4Jet300_Mu5_v8/1,ONE,L1_SingleJet200/1.00
252,300155,750.0,6.0,1.0,HLT_BTagMu_AK4Jet300_Mu5_v8/1,ONE,L1_SingleJet200/1.00
253,300156,1.0,6.0,1.0,HLT_BTagMu_AK4Jet300_Mu5_v8/1,ONE,L1_SingleJet200/1.00
255,300157,9.0,6.0,1.0,HLT_BTagMu_AK4Jet300_Mu5_v8/1,ONE,L1_SingleJet200/1.00
256,300157,180.0,7.0,1.0,HLT_BTagMu_AK4Jet300_Mu5_v8/1,ONE,L1_SingleJet200/1.00
257,300157,948.0,8.0,1.0,HLT_BTagMu_AK4Jet300_Mu5_v8/1,ONE,L1_SingleJet200/1.00
259,300226,38.0,4.0,1.0,HLT_BTagMu_AK4Jet300_Mu5_v8/1,ONE,L1_SingleJet200/1.00
260,300226,64.0,3.0,1.0,HLT_BTagMu_AK4Jet300_Mu5_v8/1,ONE,L1_SingleJet200/1.00
261,300226,154.0,4.0,1.0,HLT_BTagMu_AK4Jet300_Mu5_v8/1,ONE,L1_SingleJet200/1.00
263,300233,43.0,4.0,1.0,HLT_BTagMu_AK4Jet300_Mu5_v8/1,ONE,L1_SingleJet200/1.00
264,300234,1.0,4.0,1.0,HLT_BTagMu_AK4Jet300_Mu5_v8/1,ONE,L1_SingleJet200/1.00
265,300235,1.0,4.0,1.0,HLT_BTagMu_AK4Jet300_Mu5_v8/1,ONE,L1_SingleJet200/1.00
267,300236,11.0,4.0,1.0,HLT_BTagMu_AK4Jet300_Mu5_v8/1,ONE,L1_SingleJet200/1.00
268,300237,1.0,4.0,1.0,HLT_BTagMu_AK4Jet300_Mu5_v8/1,ONE,L1_SingleJet200/1.00
269,300237,5.0,5.0,1.0,HLT_BTagMu_AK4Jet300_Mu5_v8/1,ONE,L1_SingleJet200/1.00
270,300237,286.0,6.0,1.0,HLT_BTagMu_AK4Jet300_Mu5_v8/1,ONE,L1_SingleJet200/1.00
272,300238,30.0,6.0,1.0,HLT_BTagMu_AK4Jet300_Mu5_v8/1,ONE,L1_SingleJet200/1.00
273,300238,253.0,7.0,1.0,HLT_BTagMu_AK4Jet300_Mu5_v8/1,ONE,L1_SingleJet200/1.00
274,300239,1.0,7.0,1.0,HLT_BTagMu_AK4Jet300_Mu5_v8/1,ONE,L1_SingleJet200/1.00
275,300240,1.0,7.0,1.0,HLT_BTagMu_AK4Jet300_Mu5_v8/1,ONE,L1_SingleJet200/1.00
276,300240,329.0,8.0,1.0,HLT_BTagMu_AK4Jet300_Mu5_v8/1,ONE,L1_SingleJet200/1.00
278,300280,24.0,4.0,1.0,HLT_BTagMu_AK4Jet300_Mu5_v8/1,ONE,L1_SingleJet200/1.00
279,300280,578.0,5.0,1.0,HLT_BTagMu_AK4Jet300_Mu5_v8/1,ONE,L1_SingleJet200/1.00
280,300281,1.0,5.0,1.0,HLT_BTagMu_AK4Jet300_Mu5_v8/1,ONE,L1_SingleJet200/1.00
281,300282,1.0,5.0,1.0,HLT_BTagMu_AK4Jet300_Mu5_v8/1,ONE,L1_SingleJet200/1.00
282,300282,180.0,6.0,1.0,HLT_BTagMu_AK4Jet300_Mu5_v8/1,ONE,L1_SingleJet200/1.00
283,300283,1.0,6.0,1.0,HLT_BTagMu_AK4Jet300_Mu5_v8/1,ONE,L1_SingleJet200/1.00
284,300284,1.0,6.0,1.0,HLT_BTagMu_AK4Jet300_Mu5_v8/1,ONE,L1_SingleJet200/1.00
285,300284,679.0,7.0,1.0,HLT_BTagMu_AK4Jet300_Mu5_v8/1,ONE,L1_SingleJet200/1.00
287,300364,27.0,9.0,1.0,HLT_BTagMu_AK4Jet300_Mu5_v8/1,ONE,L1_SingleJet200/1.00
288,300364,30.0,7.0,1.0,HLT_BTagMu_AK4Jet300_Mu5_v8/1,ONE,L1_SingleJet200/1.00
289,300372,1.0,6.0,1.0,HLT_BTagMu_AK4Jet300_Mu5_v8/1,ONE,L1_SingleJet200/1.00
290,300375,1.0,6.0,1.0,HLT_BTagMu_AK4Jet300_Mu5_v8/1,ONE,L1_SingleJet200/1.00
291,300375,22.0,8.0,1.0,HLT_BTagMu_AK4Jet300_Mu5_v8/1,ONE,L1_SingleJet200/1.00
292,300389,1.0,6.0,1.0,HLT_BTagMu_AK4Jet300_Mu5_v8/1,ONE,L1_SingleJet200/1.00
293,300399,1.0,6.0,1.0,HLT_BTagMu_AK4Jet300_Mu5_v8/1,ONE,L1_SingleJet200/1.00
294,300400,1.0,6.0,1.0,HLT_BTagMu_AK4Jet300_Mu5_v8/1,ONE,L1_SingleJet200/1.00
295,300400,93.0,8.0,1.0,HLT_BTagMu_AK4Jet300_Mu5_v8/1,ONE,L1_SingleJet200/1.00
296,300400,405.0,10.0,1.0,HLT_BTagMu_AK4Jet300_Mu5_v8/1,ONE,L1_SingleJet200/1.00
298,300401,19.0,10.0,1.0,HLT_BTagMu_AK4Jet300_Mu5_v8/1,ONE,L1_SingleJet200/1.00
299,300401,396.0,11.0,1.0,HLT_BTagMu_AK4Jet300_Mu5_v8/1,ONE,L1_SingleJet200/1.00
301,300459,29.0,5.0,1.0,HLT_BTagMu_AK4Jet300_Mu5_v8/1,ONE,L1_SingleJet200/1.00
302,300459,34.0,4.0,1.0,HLT_BTagMu_AK4Jet300_Mu5_v8/1,ONE,L1_SingleJet200/1.00
303,300461,1.0,4.0,1.0,HLT_BTagMu_AK4Jet300_Mu5_v8/1,ONE,L1_SingleJet200/1.00
304,300462,1.0,4.0,1.0,HLT_BTagMu_AK4Jet300_Mu5_v8/1,ONE,L1_SingleJet200/1.00
305,300462,12.0,5.0,1.0,HLT_BTagMu_AK4Jet300_Mu5_v8/1,ONE,L1_SingleJet200/1.00
306,300463,1.0,5.0,1.0,HLT_BTagMu_AK4Jet300_Mu5_v8/1,ONE,L1_SingleJet200/1.00
307,300464,1.0,5.0,1.0,HLT_BTagMu_AK4Jet300_Mu5_v8/1,ONE,L1_SingleJet200/1.00
308,300464,87.0,6.0,1.0,HLT_BTagMu_AK4Jet300_Mu5_v8/1,ONE,L1_SingleJet200/1.00
309,300466,1.0,6.0,1.0,HLT_BTagMu_AK4Jet300_Mu5_v8/1,ONE,L1_SingleJet200/1.00
310,300466,501.0,7.0,1.0,HLT_BTagMu_AK4Jet300_Mu5_v8/1,ONE,L1_SingleJet200/1.00
311,300466,627.0,8.0,1.0,HLT_BTagMu_AK4Jet300_Mu5_v8/1,ONE,L1_SingleJet200/1.00
312,300467,1.0,8.0,1.0,HLT_BTagMu_AK4Jet300_Mu5_v8/1,ONE,L1_SingleJet200/1.00
313,300467,10.0,7.0,1.0,HLT_BTagMu_AK4Jet300_Mu5_v8/1,ONE,L1_SingleJet200/1.00
314,300467,519.0,8.0,1.0,HLT_BTagMu_AK4Jet300_Mu5_v8/1,ONE,L1_SingleJet200/1.00
316,300497,25.0,3.0,1.0,HLT_BTagMu_AK4Jet300_Mu5_v8/1,ONE,L1_SingleJet200/1.00
317,300497,50.0,2.0,1.0,HLT_BTagMu_AK4Jet300_Mu5_v8/1,ONE,L1_SingleJet200/1.00
319,300514,27.0,4.0,1.0,HLT_BTagMu_AK4Jet300_Mu5_v8/1,ONE,L1_SingleJet200/1.00
320,300514,34.0,3.0,1.0,HLT_BTagMu_AK4Jet300_Mu5_v8/1,ONE,L1_SingleJet200/1.00
321,300514,62.0,2.0,1.0,HLT_BTagMu_AK4Jet300_Mu5_v8/1,ONE,L1_SingleJet200/1.00
322,300514,100.0,3.0,1.0,HLT_BTagMu_AK4Jet300_Mu5_v8/1,ONE,L1_SingleJet200/1.00
323,300514,116.0,4.0,1.0,HLT_BTagMu_AK4Jet300_Mu5_v8/1,ONE,L1_SingleJet200/1.00
324,300515,1.0,4.0,1.0,HLT_BTagMu_AK4Jet300_Mu5_v8/1,ONE,L1_SingleJet200/1.00
325,300515,416.0,5.0,1.0,HLT_BTagMu_AK4Jet300_Mu5_v8/1,ONE,L1_SingleJet200/1.00
326,300515,738.0,6.0,1.0,HLT_BTagMu_AK4Jet300_Mu5_v8/1,ONE,L1_SingleJet200/1.00
327,300516,1.0,6.0,1.0,HLT_BTagMu_AK4Jet300_Mu5_v8/1,ONE,L1_SingleJet200/1.00
328,300517,1.0,6.0,1.0,HLT_BTagMu_AK4Jet300_Mu5_v8/1,ONE,L1_SingleJet200/1.00
329,300517,309.0,7.0,1.0,HLT_BTagMu_AK4Jet300_Mu5_v8/1,ONE,L1_SingleJet200/1.00
331,300558,8.0,5.0,1.0,HLT_BTagMu_AK4Jet300_Mu5_v8/1,ONE,L1_SingleJet200/1.00
332,300558,104.0,6.0,1.0,HLT_BTagMu_AK4Jet300_Mu5_v8/1,ONE,L1_SingleJet200/1.00
333,300560,1.0,6.0,1.0,HLT_BTagMu_AK4Jet300_Mu5_v8/1,ONE,L1_SingleJet200/1.00
334,300560,253.0,7.0,1.0,HLT_BTagMu_AK4Jet300_Mu5_v8/1,ONE,L1_SingleJet200/1.00
335,300560,954.0,8.0,1.0,HLT_BTagMu_AK4Jet300_Mu5_v8/1,ONE,L1_SingleJet200/1.00
337,300574,15.0,5.0,1.0,HLT_BTagMu_AK4Jet300_Mu5_v8/1,ONE,L1_SingleJet200/1.00
338,300574,20.0,4.0,1.0,HLT_BTagMu_AK4Jet300_Mu5_v8/1,ONE,L1_SingleJet200/1.00
339,300575,1.0,4.0,1.0,HLT_BTagMu_AK4Jet300_Mu5_v8/1,ONE,L1_SingleJet200/1.00
341,300576,7.0,4.0,1.0,HLT_BTagMu_AK4Jet300_Mu5_v8/1,ONE,L1_SingleJet200/1.00
342,300576,152.0,5.0,1.0,HLT_BTagMu_AK4Jet300_Mu5_v8/1,ONE,L1_SingleJet200/1.00
343,300576,517.0,6.0,1.0,HLT_BTagMu_AK4Jet300_Mu5_v8/1,ONE,L1_SingleJet200/1.00
344,300576,865.0,7.0,1.0,HLT_BTagMu_AK4Jet300_Mu5_v8/1,ONE,L1_SingleJet200/1.00
345,300576,873.0,6.0,1.0,HLT_BTagMu_AK4Jet300_Mu5_v8/1,ONE,L1_SingleJet200/1.00
347,300631,41.0,4.0,1.0,HLT_BTagMu_AK4Jet300_Mu5_v8/1,ONE,L1_SingleJet200/1.00
348,300632,1.0,4.0,1.0,HLT_BTagMu_AK4Jet300_Mu5_v8/1,ONE,L1_SingleJet200/1.00
349,300633,1.0,4.0,1.0,HLT_BTagMu_AK4Jet300_Mu5_v8/1,ONE,L1_SingleJet200/1.00
350,300633,292.0,5.0,1.0,HLT_BTagMu_AK4Jet300_Mu5_v8/1,ONE,L1_SingleJet200/1.00
351,300635,1.0,5.0,1.0,HLT_BTagMu_AK4Jet300_Mu5_v8/1,ONE,L1_SingleJet200/1.00
352,300635,165.0,6.0,1.0,HLT_BTagMu_AK4Jet300_Mu5_v8/1,ONE,L1_SingleJet200/1.00
353,300636,1.0,6.0,1.0,HLT_BTagMu_AK4Jet300_Mu5_v8/1,ONE,L1_SingleJet200/1.00
354,300636,835.0,7.0,1.0,HLT_BTagMu_AK4Jet300_Mu5_v8/1,ONE,L1_SingleJet200/1.00
355,300636,1493.0,8.0,1.0,HLT_BTagMu_AK4Jet300_Mu5_v8/1,ONE,L1_SingleJet200/1.00
357,300673,46.0,4.0,1.0,HLT_BTagMu_AK4Jet300_Mu5_v8/1,ONE,L1_SingleJet200/1.00
358,300674,1.0,4.0,1.0,HLT_BTagMu_AK4Jet300_Mu5_v8/1,ONE,L1_SingleJet200/1.00
359,300675,1.0,4.0,1.0,HLT_BTagMu_AK4Jet300_Mu5_v8/1,ONE,L1_SingleJet200/1.00
360,300676,1.0,4.0,1.0,HLT_BTagMu_AK4Jet300_Mu5_v8/1,ONE,L1_SingleJet200/1.00
362,300742,56.0,4.0,1.0,HLT_BTagMu_AK4Jet300_Mu5_v8/1,ONE,L1_SingleJet200/1.00
364,300777,19.0,3.0,1.0,HLT_BTagMu_AK4Jet300_Mu5_v8/1,ONE,L1_SingleJet200/1.00
365,300777,21.0,4.0,1.0,HLT_BTagMu_AK4Jet300_Mu5_v8/1,ONE,L1_SingleJet200/1.00
366,300777,388.0,5.0,1.0,HLT_BTagMu_AK4Jet300_Mu5_v8/1,ONE,L1_SingleJet200/1.00
368,300780,3.0,5.0,1.0,HLT_BTagMu_AK4Jet300_Mu5_v8/1,ONE,L1_SingleJet200/1.00
369,300780,243.0,6.0,1.0,HLT_BTagMu_AK4Jet300_Mu5_v8/1,ONE,L1_SingleJet200/1.00
370,300785,1.0,6.0,1.0,HLT_BTagMu_AK4Jet300_Mu5_v8/1,ONE,L1_SingleJet200/1.00
371,300785,579.0,7.0,1.0,HLT_BTagMu_AK4Jet300_Mu5_v8/1,ONE,L1_SingleJet200/1.00
372,300785,1262.0,8.0,1.0,HLT_BTagMu_AK4Jet300_Mu5_v8/1,ONE,L1_SingleJet200/1.00
374,300806,36.0,3.0,1.0,HLT_BTagMu_AK4Jet300_Mu5_v8/1,ONE,L1_SingleJet200/1.00
375,300806,69.0,2.0,1.0,HLT_BTagMu_AK4Jet300_Mu5_v8/1,ONE,L1_SingleJet200/1.00
376,300806,201.0,3.0,1.0,HLT_BTagMu_AK4Jet300_Mu5_v8/1,ONE,L1_SingleJet200/1.00
378,300811,6.0,3.0,1.0,HLT_BTagMu_AK4Jet300_Mu5_v8/1,ONE,L1_SingleJet200/1.00
379,300811,124.0,4.0,1.0,HLT_BTagMu_AK4Jet300_Mu5_v8/1,ONE,L1_SingleJet200/1.00
380,300812,1.0,5.0,1.0,HLT_BTagMu_AK4Jet300_Mu5_v8/1,ONE,L1_SingleJet200/1.00
382,300816,6.0,5.0,1.0,HLT_BTagMu_AK4Jet300_Mu5_v8/1,ONE,L1_SingleJet200/1.00
383,300817,1.0,5.0,1.0,HLT_BTagMu_AK4Jet300_Mu5_v8/1,ONE,L1_SingleJet200/1.00
384,300817,114.0,6.0,1.0,HLT_BTagMu_AK4Jet300_Mu5_v8/1,ONE,L1_SingleJet200/1.00
386,301046,162.0,9.0,1.0,HLT_BTagMu_AK4Jet300_Mu5_v9/1,ONE,L1_SingleJet200/1.00
388,301141,12.0,8.0,1.0,HLT_BTagMu_AK4Jet300_Mu5_v9/1,ONE,L1_SingleJet200/1.00
389,301141,21.0,7.0,1.0,HLT_BTagMu_AK4Jet300_Mu5_v9/1,ONE,L1_SingleJet200/1.00
390,301142,1.0,7.0,1.0,HLT_BTagMu_AK4Jet300_Mu5_v9/1,ONE,L1_SingleJet200/1.00
391,301142,30.0,8.0,1.0,HLT_BTagMu_AK4Jet300_Mu5_v9/1,ONE,L1_SingleJet200/1.00
393,301161,36.0,7.0,1.0,HLT_BTagMu_AK4Jet300_Mu5_v9/1,ONE,L1_SingleJet200/1.00
394,301161,410.0,8.0,1.0,HLT_BTagMu_AK4Jet300_Mu5_v9/1,ONE,L1_SingleJet200/1.00
395,301165,1.0,8.0,1.0,HLT_BTagMu_AK4Jet300_Mu5_v9/1,ONE,L1_SingleJet200/1.00
397,301179,34.0,6.0,1.0,HLT_BTagMu_AK4Jet300_Mu5_v9/1,ONE,L1_SingleJet200/1.00
398,301180,1.0,6.0,1.0,HLT_BTagMu_AK4Jet300_Mu5_v9/1,ONE,L1_SingleJet200/1.00
399,301180,29.0,7.0,1.0,HLT_BTagMu_AK4Jet300_Mu5_v9/1,ONE,L1_SingleJet200/1.00
401,301183,3.0,7.0,1.0,HLT_BTagMu_AK4Jet300_Mu5_v9/1,ONE,L1_SingleJet200/1.00
403,301281,36.0,7.0,1.0,HLT_BTagMu_AK4Jet300_Mu5_v9/1,ONE,L1_SingleJet200/1.00
405,301283,3.0,7.0,1.0,HLT_BTagMu_AK4Jet300_Mu5_v9/1,ONE,L1_SingleJet200/1.00
406,301283,524.0,8.0,1.0,HLT_BTagMu_AK4Jet300_Mu5_v9/1,ONE,L1_SingleJet200/1.00
407,301283,859.0,9.0,1.0,HLT_BTagMu_AK4Jet300_Mu5_v9/1,ONE,L1_SingleJet200/1.00
408,301283,862.0,8.0,1.0,HLT_BTagMu_AK4Jet300_Mu5_v9/1,ONE,L1_SingleJet200/1.00
410,301298,45.0,6.0,1.0,HLT_BTagMu_AK4Jet300_Mu5_v9/1,ONE,L1_SingleJet200/1.00
411,301298,547.0,7.0,1.0,HLT_BTagMu_AK4Jet300_Mu5_v9/1,ONE,L1_SingleJet200/1.00
413,301323,35.0,7.0,1.0,HLT_BTagMu_AK4Jet300_Mu5_v9/1,ONE,L1_SingleJet200/1.00
414,301323,39.0,6.0,1.0,HLT_BTagMu_AK4Jet300_Mu5_v9/1,ONE,L1_SingleJet200/1.00
415,301323,509.0,7.0,1.0,HLT_BTagMu_AK4Jet300_Mu5_v9/1,ONE,L1_SingleJet200/1.00
417,301330,21.0,6.0,1.0,HLT_BTagMu_AK4Jet300_Mu5_v9/1,ONE,L1_SingleJet200/1.00
419,301359,32.0,6.0,1.0,HLT_BTagMu_AK4Jet300_Mu5_v9/1,ONE,L1_SingleJet200/1.00
420,301384,1.0,6.0,1.0,HLT_BTagMu_AK4Jet300_Mu5_v9/1,ONE,L1_SingleJet200/1.00
422,301391,37.0,6.0,1.0,HLT_BTagMu_AK4Jet300_Mu5_v9/1,ONE,L1_SingleJet200/1.00
423,301392,1.0,6.0,1.0,HLT_BTagMu_AK4Jet300_Mu5_v9/1,ONE,L1_SingleJet200/1.00
424,301392,288.0,7.0,1.0,HLT_BTagMu_AK4Jet300_Mu5_v9/1,ONE,L1_SingleJet200/1.00
426,301393,2.0,7.0,1.0,HLT_BTagMu_AK4Jet300_Mu5_v9/1,ONE,L1_SingleJet200/1.00
427,301396,1.0,7.0,1.0,HLT_BTagMu_AK4Jet300_Mu5_v9/1,ONE,L1_SingleJet200/1.00
428,301397,1.0,7.0,1.0,HLT_BTagMu_AK4Jet300_Mu5_v9/1,ONE,L1_SingleJet200/1.00
429,301397,267.0,8.0,1.0,HLT_BTagMu_AK4Jet300_Mu5_v9/1,ONE,L1_SingleJet200/1.00
430,301398,1.0,8.0,1.0,HLT_BTagMu_AK4Jet300_Mu5_v9/1,ONE,L1_SingleJet200/1.00
431,301399,1.0,8.0,1.0,HLT_BTagMu_AK4Jet300_Mu5_v9/1,ONE,L1_SingleJet200/1.00
433,301417,50.0,6.0,1.0,HLT_BTagMu_AK4Jet300_Mu5_v9/1,ONE,L1_SingleJet200/1.00
435,301447,33.0,6.0,1.0,HLT_BTagMu_AK4Jet300_Mu5_v9/1,ONE,L1_SingleJet200/1.00
436,301447,220.0,7.0,1.0,HLT_BTagMu_AK4Jet300_Mu5_v9/1,ONE,L1_SingleJet200/1.00
437,301448,1.0,7.0,1.0,HLT_BTagMu_AK4Jet300_Mu5_v9/1,ONE,L1_SingleJet200/1.00
438,301449,1.0,7.0,1.0,HLT_BTagMu_AK4Jet300_Mu5_v9/1,ONE,L1_SingleJet200/1.00
439,301449,78.0,8.0,1.0,HLT_BTagMu_AK4Jet300_Mu5_v9/1,ONE,L1_SingleJet200/1.00
440,301450,1.0,8.0,1.0,HLT_BTagMu_AK4Jet300_Mu5_v9/1,ONE,L1_SingleJet200/1.00
442,301461,28.0,6.0,1.0,HLT_BTagMu_AK4Jet300_Mu5_v9/1,ONE,L1_SingleJet200/1.00
443,301461,424.0,7.0,1.0,HLT_BTagMu_AK4Jet300_Mu5_v9/1,ONE,L1_SingleJet200/1.00
445,301472,34.0,6.0,1.0,HLT_BTagMu_AK4Jet300_Mu5_v9/1,ONE,L1_SingleJet200/1.00
446,301472,489.0,7.0,1.0,HLT_BTagMu_AK4Jet300_Mu5_v9/1,ONE,L1_SingleJet200/1.00
447,301475,1.0,7.0,1.0,HLT_BTagMu_AK4Jet300_Mu5_v9/1,ONE,L1_SingleJet200/1.00
448,301476,1.0,7.0,1.0,HLT_BTagMu_AK4Jet300_Mu5_v9/1,ONE,L1_SingleJet200/1.00
449,301476,239.0,8.0,1.0,HLT_BTagMu_AK4Jet300_Mu5_v9/1,ONE,L1_SingleJet200/1.00
450,301476,787.0,9.0,1.0,HLT_BTagMu_AK4Jet300_Mu5_v9/1,ONE,L1_SingleJet200/1.00
452,301519,34.0,6.0,1.0,HLT_BTagMu_AK4Jet300_Mu5_v9/1,ONE,L1_SingleJet200/1.00
453,301519,187.0,7.0,1.0,HLT_BTagMu_AK4Jet300_Mu5_v9/1,ONE,L1_SingleJet200/1.00
454,301524,1.0,7.0,1.0,HLT_BTagMu_AK4Jet300_Mu5_v9/1,ONE,L1_SingleJet200/1.00
455,301529,1.0,7.0,1.0,HLT_BTagMu_AK4Jet300_Mu5_v9/1,ONE,L1_SingleJet200/1.00
456,301530,1.0,7.0,1.0,HLT_BTagMu_AK4Jet300_Mu5_v9/1,ONE,L1_SingleJet200/1.00
457,301531,1.0,7.0,1.0,HLT_BTagMu_AK4Jet300_Mu5_v9/1,ONE,L1_SingleJet200/1.00
458,301531,6.0,8.0,1.0,HLT_BTagMu_AK4Jet300_Mu5_v9/1,ONE,L1_SingleJet200/1.00
459,301532,1.0,8.0,1.0,HLT_BTagMu_AK4Jet300_Mu5_v9/1,ONE,L1_SingleJet200/1.00
461,301567,12.0,6.0,1.0,HLT_BTagMu_AK4Jet300_Mu5_v9/1,ONE,L1_SingleJet200/1.00
462,301567,20.0,13.0,1.0,HLT_BTagMu_AK4Jet300_Mu5_v9/1,ONE,L1_SingleJet200/1.00
463,301567,267.0,14.0,1.0,HLT_BTagMu_AK4Jet300_Mu5_v9/1,ONE,L1_SingleJet200/1.00
465,301627,43.0,6.0,1.0,HLT_BTagMu_AK4Jet300_Mu5_v9/1,ONE,L1_SingleJet200/1.00
466,301627,45.0,13.0,1.0,HLT_BTagMu_AK4Jet300_Mu5_v9/1,ONE,L1_SingleJet200/1.00
467,301627,62.0,14.0,1.0,HLT_BTagMu_AK4Jet300_Mu5_v9/1,ONE,L1_SingleJet200/1.00
468,301627,82.0,13.0,1.0,HLT_BTagMu_AK4Jet300_Mu5_v9/1,ONE,L1_SingleJet200/1.00
469,301627,264.0,14.0,1.0,HLT_BTagMu_AK4Jet300_Mu5_v9/1,ONE,L1_SingleJet200/1.00
471,301664,27.0,14.0,1.0,HLT_BTagMu_AK4Jet300_Mu5_v9/1,ONE,L1_SingleJet200/1.00
472,301664,49.0,13.0,1.0,HLT_BTagMu_AK4Jet300_Mu5_v9/1,ONE,L1_SingleJet200/1.00
473,301664,203.0,14.0,1.0,HLT_BTagMu_AK4Jet300_Mu5_v9/1,ONE,L1_SingleJet200/1.00
474,301665,1.0,14.0,1.0,HLT_BTagMu_AK4Jet300_Mu5_v9/1,ONE,L1_SingleJet200/1.00
476,301694,27.0,11.0,1.0,HLT_BTagMu_AK4Jet300_Mu5_v9/1,ONE,L1_SingleJet200/1.00
477,301694,64.0,10.0,1.0,HLT_BTagMu_AK4Jet300_Mu5_v9/1,ONE,L1_SingleJet200/1.00
479,301912,43.0,14.0,1.0,HLT_BTagMu_AK4Jet300_Mu5_v9/1,ONE,L1_SingleJet200/1.00
480,301913,1.0,14.0,1.0,HLT_BTagMu_AK4Jet300_Mu5_v9/1,ONE,L1_SingleJet200/1.00
481,301914,1.0,14.0,1.0,HLT_BTagMu_AK4Jet300_Mu5_v9/1,ONE,L1_SingleJet200/1.00
483,301941,11.0,10.0,1.0,HLT_BTagMu_AK4Jet300_Mu5_v9/1,ONE,L1_SingleJet200/1.00
484,301941,32.0,14.0,1.0,HLT_BTagMu_AK4Jet300_Mu5_v9/1,ONE,L1_SingleJet200/1.00
486,301959,25.0,13.0,1.0,HLT_BTagMu_AK4Jet300_Mu5_v9/1,ONE,L1_SingleJet200/1.00
487,301959,433.0,14.0,1.0,HLT_BTagMu_AK4Jet300_Mu5_v9/1,ONE,L1_SingleJet200/1.00
488,301959,1061.0,8.0,1.0,HLT_BTagMu_AK4Jet300_Mu5_v9/1,ONE,L1_SingleJet200/1.00
489,301960,1.0,8.0,1.0,HLT_BTagMu_AK4Jet300_Mu5_v9/1,ONE,L1_SingleJet200/1.00
491,301970,6.0,6.0,1.0,HLT_BTagMu_AK4Jet300_Mu5_v9/1,ONE,L1_SingleJet200/1.00
493,301984,12.0,6.0,1.0,HLT_BTagMu_AK4Jet300_Mu5_v9/1,ONE,L1_SingleJet200/1.00
494,301985,1.0,6.0,1.0,HLT_BTagMu_AK4Jet300_Mu5_v9/1,ONE,L1_SingleJet200/1.00
495,301985,51.0,7.0,1.0,HLT_BTagMu_AK4Jet300_Mu5_v9/1,ONE,L1_SingleJet200/1.00
496,301986,1.0,7.0,1.0,HLT_BTagMu_AK4Jet300_Mu5_v9/1,ONE,L1_SingleJet200/1.00
497,301986,343.0,8.0,1.0,HLT_BTagMu_AK4Jet300_Mu5_v9/1,ONE,L1_SingleJet200/1.00
498,301987,1.0,8.0,1.0,HLT_BTagMu_AK4Jet300_Mu5_v9/1,ONE,L1_SingleJet200/1.00
499,301987,1057.0,9.0,1.0,HLT_BTagMu_AK4Jet300_Mu5_v9/1,ONE,L1_SingleJet200/1.00
501,301997,33.0,6.0,1.0,HLT_BTagMu_AK4Jet300_Mu5_v9/1,ONE,L1_SingleJet200/1.00
502,301997,285.0,7.0,1.0,HLT_BTagMu_AK4Jet300_Mu5_v9/1,ONE,L1_SingleJet200/1.00
503,301998,1.0,7.0,1.0,HLT_BTagMu_AK4Jet300_Mu5_v9/1,ONE,L1_SingleJet200/1.00
504,301998,639.0,8.0,1.0,HLT_BTagMu_AK4Jet300_Mu5_v9/1,ONE,L1_SingleJet200/1.00
506,302019,33.0,6.0,1.0,HLT_BTagMu_AK4Jet300_Mu5_v9/1,ONE,L1_SingleJet200/1.00
508,302026,15.0,6.0,1.0,HLT_BTagMu_AK4Jet300_Mu5_v10/1,ONE,L1_SingleJet200/1.00
509,302029,1.0,6.0,1.0,HLT_BTagMu_AK4Jet300_Mu5_v10/1,ONE,L1_SingleJet200/1.00
510,302031,1.0,6.0,1.0,HLT_BTagMu_AK4Jet300_Mu5_v10/1,ONE,L1_SingleJet200/1.00
511,302031,100.0,7.0,1.0,HLT_BTagMu_AK4Jet300_Mu5_v10/1,ONE,L1_SingleJet200/1.00
512,302033,1.0,7.0,1.0,HLT_BTagMu_AK4Jet300_Mu5_v10/1,ONE,L1_SingleJet200/1.00
513,302033,2.0,8.0,1.0,HLT_BTagMu_AK4Jet300_Mu5_v10/1,ONE,L1_SingleJet200/1.00
514,302034,1.0,8.0,1.0,HLT_BTagMu_AK4Jet300_Mu5_v10/1,ONE,L1_SingleJet200/1.00
516,302037,3.0,8.0,1.0,HLT_BTagMu_AK4Jet300_Mu5_v10/1,ONE,L1_SingleJet200/1.00
517,302038,1.0,8.0,1.0,HLT_BTagMu_AK4Jet300_Mu5_v10/1,ONE,L1_SingleJet200/1.00
518,302040,1.0,8.0,1.0,HLT_BTagMu_AK4Jet300_Mu5_v10/1,ONE,L1_SingleJet200/1.00
519,302041,1.0,8.0,1.0,HLT_BTagMu_AK4Jet300_Mu5_v10/1,ONE,L1_SingleJet200/1.00
520,302042,1.0,8.0,1.0,HLT_BTagMu_AK4Jet300_Mu5_v10/1,ONE,L1_SingleJet200/1.00
521,302043,1.0,8.0,1.0,HLT_BTagMu_AK4Jet300_Mu5_v10/1,ONE,L1_SingleJet200/1.00
522,302043,201.0,9.0,1.0,HLT_BTagMu_AK4Jet300_Mu5_v10/1,ONE,L1_SingleJet200/1.00
524,302131,29.0,7.0,1.0,HLT_BTagMu_AK4Jet300_Mu5_v10/1,ONE,L1_SingleJet200/1.00
525,302131,340.0,8.0,1.0,HLT_BTagMu_AK4Jet300_Mu5_v10/1,ONE,L1_SingleJet200/1.00
527,302159,33.0,7.0,1.0,HLT_BTagMu_AK4Jet300_Mu5_v10/1,ONE,L1_SingleJet200/1.00
529,302163,31.0,7.0,1.0,HLT_BTagMu_AK4Jet300_Mu5_v10/1,ONE,L1_SingleJet200/1.00
530,302163,456.0,8.0,1.0,HLT_BTagMu_AK4Jet300_Mu5_v10/1,ONE,L1_SingleJet200/1.00
531,302165,1.0,8.0,1.0,HLT_BTagMu_AK4Jet300_Mu5_v10/1,ONE,L1_SingleJet200/1.00
532,302166,1.0,8.0,1.0,HLT_BTagMu_AK4Jet300_Mu5_v10/1,ONE,L1_SingleJet200/1.00
534,302225,54.0,7.0,1.0,HLT_BTagMu_AK4Jet300_Mu5_v10/1,ONE,L1_SingleJet200/1.00
535,302225,562.0,8.0,1.0,HLT_BTagMu_AK4Jet300_Mu5_v10/1,ONE,L1_SingleJet200/1.00
537,302228,58.0,8.0,1.0,HLT_BTagMu_AK4Jet300_Mu5_v10/1,ONE,L1_SingleJet200/1.00
538,302228,72.0,6.0,1.0,HLT_BTagMu_AK4Jet300_Mu5_v10/1,ONE,L1_SingleJet200/1.00
539,302228,80.0,7.0,1.0,HLT_BTagMu_AK4Jet300_Mu5_v10/1,ONE,L1_SingleJet200/1.00
540,302228,83.0,6.0,1.0,HLT_BTagMu_AK4Jet300_Mu5_v10/1,ONE,L1_SingleJet200/1.00
541,302228,115.0,7.0,1.0,HLT_BTagMu_AK4Jet300_Mu5_v10/1,ONE,L1_SingleJet200/1.00
542,302229,1.0,7.0,1.0,HLT_BTagMu_AK4Jet300_Mu5_v10/1,ONE,L1_SingleJet200/1.00
543,302240,1.0,6.0,1.0,HLT_BTagMu_AK4Jet300_Mu5_v10/1,ONE,L1_SingleJet200/1.00
544,302240,8.0,7.0,1.0,HLT_BTagMu_AK4Jet300_Mu5_v10/1,ONE,L1_SingleJet200/1.00
545,302240,609.0,8.0,1.0,HLT_BTagMu_AK4Jet300_Mu5_v10/1,ONE,L1_SingleJet200/1.00
546,302240,624.0,7.0,1.0,HLT_BTagMu_AK4Jet300_Mu5_v10/1,ONE,L1_SingleJet200/1.00
547,302240,625.0,8.0,1.0,HLT_BTagMu_AK4Jet300_Mu5_v10/1,ONE,L1_SingleJet200/1.00
548,302240,633.0,7.0,1.0,HLT_BTagMu_AK4Jet300_Mu5_v10/1,ONE,L1_SingleJet200/1.00
549,302240,673.0,8.0,1.0,HLT_BTagMu_AK4Jet300_Mu5_v10/1,ONE,L1_SingleJet200/1.00
551,302262,13.0,9.0,1.0,HLT_BTagMu_AK4Jet300_Mu5_v10/1,ONE,L1_SingleJet200/1.00
552,302262,28.0,7.0,1.0,HLT_BTagMu_AK4Jet300_Mu5_v10/1,ONE,L1_SingleJet200/1.00
553,302262,33.0,6.0,1.0,HLT_BTagMu_AK4Jet300_Mu5_v10/1,ONE,L1_SingleJet200/1.00
554,302262,271.0,7.0,1.0,HLT_BTagMu_AK4Jet300_Mu5_v10/1,ONE,L1_SingleJet200/1.00
555,302263,1.0,7.0,1.0,HLT_BTagMu_AK4Jet300_Mu5_v10/1,ONE,L1_SingleJet200/1.00
556,302263,530.0,8.0,1.0,HLT_BTagMu_AK4Jet300_Mu5_v10/1,ONE,L1_SingleJet200/1.00
558,302277,5.0,7.0,1.0,HLT_BTagMu_AK4Jet300_Mu5_v10/1,ONE,L1_SingleJet200/1.00
559,302279,1.0,8.0,1.0,HLT_BTagMu_AK4Jet300_Mu5_v10/1,ONE,L1_SingleJet200/1.00
560,302279,28.0,9.0,1.0,HLT_BTagMu_AK4Jet300_Mu5_v10/1,ONE,L1_SingleJet200/1.00
561,302280,1.0,9.0,1.0,HLT_BTagMu_AK4Jet300_Mu5_v10/1,ONE,L1_SingleJet200/1.00
563,302322,27.0,16.0,1.0,HLT_BTagMu_AK4Jet300_Mu5_v10/1,ONE,L1_SingleJet200/1.00
564,302322,31.0,15.0,1.0,HLT_BTagMu_AK4Jet300_Mu5_v10/1,ONE,L1_SingleJet200/1.00
565,302322,116.0,16.0,1.0,HLT_BTagMu_AK4Jet300_Mu5_v10/1,ONE,L1_SingleJet200/1.00
567,302328,41.0,15.0,1.0,HLT_BTagMu_AK4Jet300_Mu5_v10/1,ONE,L1_SingleJet200/1.00
568,302328,514.0,16.0,1.0,HLT_BTagMu_AK4Jet300_Mu5_v10/1,ONE,L1_SingleJet200/1.00
570,302337,24.0,14.0,1.0,HLT_BTagMu_AK4Jet300_Mu5_v10/1,ONE,L1_SingleJet200/1.00
571,302337,117.0,15.0,1.0,HLT_BTagMu_AK4Jet300_Mu5_v10/1,ONE,L1_SingleJet200/1.00
573,302342,19.0,15.0,1.0,HLT_BTagMu_AK4Jet300_Mu5_v10/1,ONE,L1_SingleJet200/1.00
574,302343,1.0,15.0,1.0,HLT_BTagMu_AK4Jet300_Mu5_v10/1,ONE,L1_SingleJet200/1.00
576,302344,3.0,15.0,1.0,HLT_BTagMu_AK4Jet300_Mu5_v10/1,ONE,L1_SingleJet200/1.00
577,302350,1.0,16.0,1.0,HLT_BTagMu_AK4Jet300_Mu5_v10/1,ONE,L1_SingleJet200/1.00
579,302388,21.0,14.0,1.0,HLT_BTagMu_AK4Jet300_Mu5_v10/1,ONE,L1_SingleJet200/1.00
580,302388,577.0,15.0,1.0,HLT_BTagMu_AK4Jet300_Mu5_v10/1,ONE,L1_SingleJet200/1.00
582,302392,34.0,14.0,1.0,HLT_BTagMu_AK4Jet300_Mu5_v10/1,ONE,L1_SingleJet200/1.00
583,302393,1.0,14.0,1.0,HLT_BTagMu_AK4Jet300_Mu5_v10/1,ONE,L1_SingleJet200/1.00
584,302393,483.0,15.0,1.0,HLT_BTagMu_AK4Jet300_Mu5_v10/1,ONE,L1_SingleJet200/1.00
585,302393,586.0,7.0,1.0,HLT_BTagMu_AK4Jet300_Mu5_v10/1,ONE,L1_SingleJet200/1.00
586,302393,591.0,15.0,1.0,HLT_BTagMu_AK4Jet300_Mu5_v10/1,ONE,L1_SingleJet200/1.00
587,302393,601.0,7.0,1.0,HLT_BTagMu_AK4Jet300_Mu5_v10/1,ONE,L1_SingleJet200/1.00
589,302448,21.0,6.0,1.0,HLT_BTagMu_AK4Jet300_Mu5_v10/1,ONE,L1_SingleJet200/1.00
590,302448,620.0,7.0,1.0,HLT_BTagMu_AK4Jet300_Mu5_v10/1,ONE,L1_SingleJet200/1.00
591,302448,1501.0,8.0,1.0,HLT_BTagMu_AK4Jet300_Mu5_v10/1,ONE,L1_SingleJet200/1.00
593,302472,20.0,6.0,1.0,HLT_BTagMu_AK4Jet300_Mu5_v10/1,ONE,L1_SingleJet200/1.00
594,302473,1.0,6.0,1.0,HLT_BTagMu_AK4Jet300_Mu5_v10/1,ONE,L1_SingleJet200/1.00
595,302473,2.0,7.0,1.0,HLT_BTagMu_AK4Jet300_Mu5_v10/1,ONE,L1_SingleJet200/1.00
596,302474,1.0,7.0,1.0,HLT_BTagMu_AK4Jet300_Mu5_v10/1,ONE,L1_SingleJet200/1.00
597,302475,1.0,7.0,1.0,HLT_BTagMu_AK4Jet300_Mu5_v10/1,ONE,L1_SingleJet200/1.00
598,302476,1.0,7.0,1.0,HLT_BTagMu_AK4Jet300_Mu5_v10/1,ONE,L1_SingleJet200/1.00
599,302476,78.0,8.0,1.0,HLT_BTagMu_AK4Jet300_Mu5_v10/1,ONE,L1_SingleJet200/1.00
601,302479,30.0,6.0,1.0,HLT_BTagMu_AK4Jet300_Mu5_v10/1,ONE,L1_SingleJet200/1.00
602,302479,36.0,5.0,1.0,HLT_BTagMu_AK4Jet300_Mu5_v10/1,ONE,L1_SingleJet200/1.00
603,302479,82.0,6.0,1.0,HLT_BTagMu_AK4Jet300_Mu5_v10/1,ONE,L1_SingleJet200/1.00
604,302484,1.0,5.0,1.0,HLT_BTagMu_AK4Jet300_Mu5_v10/1,ONE,L1_SingleJet200/1.00
605,302484,32.0,6.0,1.0,HLT_BTagMu_AK4Jet300_Mu5_v10/1,ONE,L1_SingleJet200/1.00
606,302485,1.0,6.0,1.0,HLT_BTagMu_AK4Jet300_Mu5_v10/1,ONE,L1_SingleJet200/1.00
607,302485,579.0,7.0,1.0,HLT_BTagMu_AK4Jet300_Mu5_v10/1,ONE,L1_SingleJet200/1.00
609,302492,10.0,7.0,1.0,HLT_BTagMu_AK4Jet300_Mu5_v10/1,ONE,L1_SingleJet200/1.00
610,302493,,,1.0,HLT_BTagMu_AK4Jet300_Mu5_v10,ONE,L1_SingleJet200
611,302494,1.0,7.0,1.0,HLT_BTagMu_AK4Jet300_Mu5_v10/1,ONE,L1_SingleJet200/1.00
612,302494,183.0,8.0,1.0,HLT_BTagMu_AK4Jet300_Mu5_v10/1,ONE,L1_SingleJet200/1.00
614,302509,34.0,5.0,1.0,HLT_BTagMu_AK4Jet300_Mu5_v10/1,ONE,L1_SingleJet200/1.00
616,302513,28.0,5.0,1.0,HLT_BTagMu_AK4Jet300_Mu5_v10/1,ONE,L1_SingleJet200/1.00
618,302522,24.0,6.0,1.0,HLT_BTagMu_AK4Jet300_Mu5_v10/1,ONE,L1_SingleJet200/1.00
619,302523,1.0,6.0,1.0,HLT_BTagMu_AK4Jet300_Mu5_v10/1,ONE,L1_SingleJet200/1.00
620,302525,1.0,6.0,1.0,HLT_BTagMu_AK4Jet300_Mu5_v10/1,ONE,L1_SingleJet200/1.00
621,302525,621.0,7.0,1.0,HLT_BTagMu_AK4Jet300_Mu5_v10/1,ONE,L1_SingleJet200/1.00
622,302526,1.0,7.0,1.0,HLT_BTagMu_AK4Jet300_Mu5_v10/1,ONE,L1_SingleJet200/1.00
624,302548,40.0,5.0,1.0,HLT_BTagMu_AK4Jet300_Mu5_v10/1,ONE,L1_SingleJet200/1.00
625,302548,54.0,6.0,1.0,HLT_BTagMu_AK4Jet300_Mu5_v10/1,ONE,L1_SingleJet200/1.00
626,302551,1.0,6.0,1.0,HLT_BTagMu_AK4Jet300_Mu5_v10/1,ONE,L1_SingleJet200/1.00
627,302553,1.0,6.0,1.0,HLT_BTagMu_AK4Jet300_Mu5_v10/1,ONE,L1_SingleJet200/1.00
628,302554,1.0,6.0,1.0,HLT_BTagMu_AK4Jet300_Mu5_v10/1,ONE,L1_SingleJet200/1.00
629,302555,1.0,6.0,1.0,HLT_BTagMu_AK4Jet300_Mu5_v10/1,ONE,L1_SingleJet200/1.00
631,302563,40.0,5.0,1.0,HLT_BTagMu_AK4Jet300_Mu5_v10/1,ONE,L1_SingleJet200/1.00
632,302563,45.0,6.0,1.0,HLT_BTagMu_AK4Jet300_Mu5_v10/1,ONE,L1_SingleJet200/1.00
633,302565,1.0,6.0,1.0,HLT_BTagMu_AK4Jet300_Mu5_v10/1,ONE,L1_SingleJet200/1.00
635,302572,6.0,6.0,1.0,HLT_BTagMu_AK4Jet300_Mu5_v10/1,ONE,L1_SingleJet200/1.00
636,302573,1.0,6.0,1.0,HLT_BTagMu_AK4Jet300_Mu5_v10/1,ONE,L1_SingleJet200/1.00
637,302573,78.0,7.0,1.0,HLT_BTagMu_AK4Jet300_Mu5_v10/1,ONE,L1_SingleJet200/1.00
638,302573,980.0,6.0,1.0,HLT_BTagMu_AK4Jet300_Mu5_v10/1,ONE,L1_SingleJet200/1.00
639,302573,1030.0,8.0,1.0,HLT_BTagMu_AK4Jet300_Mu5_v10/1,ONE,L1_SingleJet200/1.00
641,302596,31.0,9.0,1.0,HLT_BTagMu_AK4Jet300_Mu5_v10/1,ONE,L1_SingleJet200/1.00
642,302596,39.0,6.0,1.0,HLT_BTagMu_AK4Jet300_Mu5_v10/1,ONE,L1_SingleJet200/1.00
643,302596,648.0,7.0,1.0,HLT_BTagMu_AK4Jet300_Mu5_v10/1,ONE,L1_SingleJet200/1.00
644,302597,1.0,7.0,1.0,HLT_BTagMu_AK4Jet300_Mu5_v10/1,ONE,L1_SingleJet200/1.00
645,302597,586.0,8.0,1.0,HLT_BTagMu_AK4Jet300_Mu5_v10/1,ONE,L1_SingleJet200/1.00
647,302634,37.0,6.0,1.0,HLT_BTagMu_AK4Jet300_Mu5_v10/1,ONE,L1_SingleJet200/1.00
648,302635,1.0,6.0,1.0,HLT_BTagMu_AK4Jet300_Mu5_v10/1,ONE,L1_SingleJet200/1.00
649,302635,124.0,7.0,1.0,HLT_BTagMu_AK4Jet300_Mu5_v10/1,ONE,L1_SingleJet200/1.00
650,302635,916.0,8.0,1.0,HLT_BTagMu_AK4Jet300_Mu5_v10/1,ONE,L1_SingleJet200/1.00
651,302651,1.0,6.0,1.0,HLT_BTagMu_AK4Jet300_Mu5_v10/1,ONE,L1_SingleJet200/1.00
652,302654,1.0,6.0,1.0,HLT_BTagMu_AK4Jet300_Mu5_v10/1,ONE,L1_SingleJet200/1.00
653,302661,1.0,6.0,1.0,HLT_BTagMu_AK4Jet300_Mu5_v10/1,ONE,L1_SingleJet200/1.00
654,302663,1.0,6.0,1.0,HLT_BTagMu_AK4Jet300_Mu5_v10/1,ONE,L1_SingleJet200/1.00
655,302663,208.0,7.0,1.0,HLT_BTagMu_AK4Jet300_Mu5_v10/1,ONE,L1_SingleJet200/1.00
656,302663,432.0,8.0,1.0,HLT_BTagMu_AK4Jet300_Mu5_v10/1,ONE,L1_SingleJet200/1.00
657,303825,1.0,7.0,1.0,HLT_BTagMu_AK4Jet300_Mu5_v10/1,ONE,L1_SingleJet200/1.00
658,303825,77.0,8.0,1.0,HLT_BTagMu_AK4Jet300_Mu5_v10/1,ONE,L1_SingleJet200/1.00
660,303832,9.0,1.0,1.0,HLT_BTagMu_AK4Jet300_Mu5_v10/1,ONE,L1_SingleJet200/1.00
661,303832,63.0,5.0,1.0,HLT_BTagMu_AK4Jet300_Mu5_v10/1,ONE,L1_SingleJet200/1.00
662,303832,144.0,6.0,1.0,HLT_BTagMu_AK4Jet300_Mu5_v10/1,ONE,L1_SingleJet200/1.00
663,303832,1079.0,7.0,1.0,HLT_BTagMu_AK4Jet300_Mu5_v10/1,ONE,L1_SingleJet200/1.00
664,303832,1594.0,8.0,1.0,HLT_BTagMu_AK4Jet300_Mu5_v10/1,ONE,L1_SingleJet200/1.00
666,303838,51.0,4.0,1.0,HLT_BTagMu_AK4Jet300_Mu5_v10/1,ONE,L1_SingleJet200/1.00
667,303838,243.0,5.0,1.0,HLT_BTagMu_AK4Jet300_Mu5_v10/1,ONE,L1_SingleJet200/1.00
668,303838,523.0,6.0,1.0,HLT_BTagMu_AK4Jet300_Mu5_v10/1,ONE,L1_SingleJet200/1.00
669,303838,1248.0,7.0,1.0,HLT_BTagMu_AK4Jet300_Mu5_v10/1,ONE,L1_SingleJet200/1.00
670,303838,1857.0,8.0,1.0,HLT_BTagMu_AK4Jet300_Mu5_v10/1,ONE,L1_SingleJet200/1.00
672,303885,59.0,4.0,1.0,HLT_BTagMu_AK4Jet300_Mu5_v10/1,ONE,L1_SingleJet200/1.00
673,303885,87.0,3.0,1.0,HLT_BTagMu_AK4Jet300_Mu5_v10/1,ONE,L1_SingleJet200/1.00
674,303885,173.0,4.0,1.0,HLT_BTagMu_AK4Jet300_Mu5_v10/1,ONE,L1_SingleJet200/1.00
675,303885,415.0,5.0,1.0,HLT_BTagMu_AK4Jet300_Mu5_v10/1,ONE,L1_SingleJet200/1.00
676,303885,585.0,6.0,1.0,HLT_BTagMu_AK4Jet300_Mu5_v10/1,ONE,L1_SingleJet200/1.00
677,303885,1399.0,7.0,1.0,HLT_BTagMu_AK4Jet300_Mu5_v10/1,ONE,L1_SingleJet200/1.00
678,303885,2015.0,8.0,1.0,HLT_BTagMu_AK4Jet300_Mu5_v10/1,ONE,L1_SingleJet200/1.00
680,303948,50.0,4.0,1.0,HLT_BTagMu_AK4Jet300_Mu5_v10/1,ONE,L1_SingleJet200/1.00
681,303948,55.0,3.0,1.0,HLT_BTagMu_AK4Jet300_Mu5_v10/1,ONE,L1_SingleJet200/1.00
682,303948,150.0,4.0,1.0,HLT_BTagMu_AK4Jet300_Mu5_v10/1,ONE,L1_SingleJet200/1.00
683,303948,158.0,2.0,1.0,HLT_BTagMu_AK4Jet300_Mu5_v10/1,ONE,L1_SingleJet200/1.00
684,303948,162.0,4.0,1.0,HLT_BTagMu_AK4Jet300_Mu5_v10/1,ONE,L1_SingleJet200/1.00
685,303948,336.0,5.0,1.0,HLT_BTagMu_AK4Jet300_Mu5_v10/1,ONE,L1_SingleJet200/1.00
686,303948,641.0,6.0,1.0,HLT_BTagMu_AK4Jet300_Mu5_v10/1,ONE,L1_SingleJet200/1.00
687,303948,1347.0,7.0,1.0,HLT_BTagMu_AK4Jet300_Mu5_v10/1,ONE,L1_SingleJet200/1.00
689,303998,49.0,3.0,1.0,HLT_BTagMu_AK4Jet300_Mu5_v10/1,ONE,L1_SingleJet200/1.00
690,303998,79.0,2.0,1.0,HLT_BTagMu_AK4Jet300_Mu5_v10/1,ONE,L1_SingleJet200/1.00
691,303998,131.0,3.0,1.0,HLT_BTagMu_AK4Jet300_Mu5_v10/1,ONE,L1_SingleJet200/1.00
692,303998,206.0,4.0,1.0,HLT_BTagMu_AK4Jet300_Mu5_v10/1,ONE,L1_SingleJet200/1.00
693,303999,1.0,4.0,1.0,HLT_BTagMu_AK4Jet300_Mu5_v10/1,ONE,L1_SingleJet200/1.00
694,303999,17.0,5.0,1.0,HLT_BTagMu_AK4Jet300_Mu5_v10/1,ONE,L1_SingleJet200/1.00
695,303999,298.0,6.0,1.0,HLT_BTagMu_AK4Jet300_Mu5_v10/1,ONE,L1_SingleJet200/1.00
696,304000,1.0,6.0,1.0,HLT_BTagMu_AK4Jet300_Mu5_v10/1,ONE,L1_SingleJet200/1.00
698,304062,53.0,9.0,1.0,HLT_BTagMu_AK4Jet300_Mu5_v10/1,ONE,L1_SingleJet200/1.00
699,304062,56.0,7.0,1.0,HLT_BTagMu_AK4Jet300_Mu5_v10/1,ONE,L1_SingleJet200/1.00
700,304062,58.0,5.0,1.0,HLT_BTagMu_AK4Jet300_Mu5_v10/1,ONE,L1_SingleJet200/1.00
701,304062,61.0,9.0,1.0,HLT_BTagMu_AK4Jet300_Mu5_v10/1,ONE,L1_SingleJet200/1.00
702,304062,63.0,4.0,1.0,HLT_BTagMu_AK4Jet300_Mu5_v10/1,ONE,L1_SingleJet200/1.00
703,304062,64.0,3.0,1.0,HLT_BTagMu_AK4Jet300_Mu5_v10/1,ONE,L1_SingleJet200/1.00
704,304062,127.0,4.0,1.0,HLT_BTagMu_AK4Jet300_Mu5_v10/1,ONE,L1_SingleJet200/1.00
705,304062,145.0,5.0,1.0,HLT_BTagMu_AK4Jet300_Mu5_v10/1,ONE,L1_SingleJet200/1.00
706,304062,377.0,6.0,1.0,HLT_BTagMu_AK4Jet300_Mu5_v10/1,ONE,L1_SingleJet200/1.00
707,304062,1181.0,7.0,1.0,HLT_BTagMu_AK4Jet300_Mu5_v10/1,ONE,L1_SingleJet200/1.00
708,304062,1914.0,8.0,1.0,HLT_BTagMu_AK4Jet300_Mu5_v10/1,ONE,L1_SingleJet200/1.00
710,304119,7.0,2.0,1.0,HLT_BTagMu_AK4Jet300_Mu5_v10/1,ONE,L1_SingleJet200/1.00
711,304119,56.0,3.0,1.0,HLT_BTagMu_AK4Jet300_Mu5_v10/1,ONE,L1_SingleJet200/1.00
712,304119,62.0,2.0,1.0,HLT_BTagMu_AK4Jet300_Mu5_v10/1,ONE,L1_SingleJet200/1.00
713,304120,1.0,2.0,1.0,HLT_BTagMu_AK4Jet300_Mu5_v10/1,ONE,L1_SingleJet200/1.00
714,304120,40.0,3.0,1.0,HLT_BTagMu_AK4Jet300_Mu5_v10/1,ONE,L1_SingleJet200/1.00
715,304120,95.0,4.0,1.0,HLT_BTagMu_AK4Jet300_Mu5_v10/1,ONE,L1_SingleJet200/1.00
716,304120,111.0,3.0,1.0,HLT_BTagMu_AK4Jet300_Mu5_v10/1,ONE,L1_SingleJet200/1.00
717,304120,169.0,4.0,1.0,HLT_BTagMu_AK4Jet300_Mu5_v10/1,ONE,L1_SingleJet200/1.00
718,304120,235.0,5.0,1.0,HLT_BTagMu_AK4Jet300_Mu5_v10/1,ONE,L1_SingleJet200/1.00
719,304125,1.0,5.0,1.0,HLT_BTagMu_AK4Jet300_Mu5_v10/1,ONE,L1_SingleJet200/1.00
720,304125,261.0,6.0,1.0,HLT_BTagMu_AK4Jet300_Mu5_v10/1,ONE,L1_SingleJet200/1.00
721,304125,893.0,7.0,1.0,HLT_BTagMu_AK4Jet300_Mu5_v10/1,ONE,L1_SingleJet200/1.00
722,304125,1603.0,8.0,1.0,HLT_BTagMu_AK4Jet300_Mu5_v10/1,ONE,L1_SingleJet200/1.00
724,304144,63.0,2.0,1.0,HLT_BTagMu_AK4Jet300_Mu5_v10/1,ONE,L1_SingleJet200/1.00
725,304144,70.0,1.0,1.0,HLT_BTagMu_AK4Jet300_Mu5_v10/1,ONE,L1_SingleJet200/1.00
726,304144,138.0,2.0,1.0,HLT_BTagMu_AK4Jet300_Mu5_v10/1,ONE,L1_SingleJet200/1.00
727,304144,411.0,3.0,1.0,HLT_BTagMu_AK4Jet300_Mu5_v10/1,ONE,L1_SingleJet200/1.00
728,304144,488.0,4.0,1.0,HLT_BTagMu_AK4Jet300_Mu5_v10/1,ONE,L1_SingleJet200/1.00
729,304144,535.0,5.0,1.0,HLT_BTagMu_AK4Jet300_Mu5_v10/1,ONE,L1_SingleJet200/1.00
730,304144,916.0,6.0,1.0,HLT_BTagMu_AK4Jet300_Mu5_v10/1,ONE,L1_SingleJet200/1.00
731,304144,1574.0,7.0,1.0,HLT_BTagMu_AK4Jet300_Mu5_v10/1,ONE,L1_SingleJet200/1.00
732,304144,2222.0,8.0,1.0,HLT_BTagMu_AK4Jet300_Mu5_v10/1,ONE,L1_SingleJet200/1.00
734,304158,163.0,4.0,1.0,HLT_BTagMu_AK4Jet300_Mu5_v10/1,ONE,L1_SingleJet200/1.00
735,304158,226.0,5.0,1.0,HLT_BTagMu_AK4Jet300_Mu5_v10/1,ONE,L1_SingleJet200/1.00
736,304158,459.0,6.0,1.0,HLT_BTagMu_AK4Jet300_Mu5_v10/1,ONE,L1_SingleJet200/1.00
737,304158,708.0,7.0,1.0,HLT_BTagMu_AK4Jet300_Mu5_v10/1,ONE,L1_SingleJet200/1.00
738,304158,930.0,8.0,1.0,HLT_BTagMu_AK4Jet300_Mu5_v10/1,ONE,L1_SingleJet200/1.00
739,304158,1144.0,6.0,1.0,HLT_BTagMu_AK4Jet300_Mu5_v10/1,ONE,L1_SingleJet200/1.00
740,304158,1221.0,7.0,1.0,HLT_BTagMu_AK4Jet300_Mu5_v10/1,ONE,L1_SingleJet200/1.00
741,304158,2012.0,8.0,1.0,HLT_BTagMu_AK4Jet300_Mu5_v10/1,ONE,L1_SingleJet200/1.00
743,304169,38.0,2.0,1.0,HLT_BTagMu_AK4Jet300_Mu5_v10/1,ONE,L1_SingleJet200/1.00
744,304169,79.0,4.0,1.0,HLT_BTagMu_AK4Jet300_Mu5_v10/1,ONE,L1_SingleJet200/1.00
745,304169,88.0,3.0,1.0,HLT_BTagMu_AK4Jet300_Mu5_v10/1,ONE,L1_SingleJet200/1.00
746,304169,167.0,4.0,1.0,HLT_BTagMu_AK4Jet300_Mu5_v10/1,ONE,L1_SingleJet200/1.00
747,304169,199.0,5.0,1.0,HLT_BTagMu_AK4Jet300_Mu5_v10/1,ONE,L1_SingleJet200/1.00
748,304169,458.0,6.0,1.0,HLT_BTagMu_AK4Jet300_Mu5_v10/1,ONE,L1_SingleJet200/1.00
749,304169,1109.0,7.0,1.0,HLT_BTagMu_AK4Jet300_Mu5_v10/1,ONE,L1_SingleJet200/1.00
750,304169,1312.0,8.0,1.0,HLT_BTagMu_AK4Jet300_Mu5_v10/1,ONE,L1_SingleJet200/1.00
751,304169,1438.0,9.0,1.0,HLT_BTagMu_AK4Jet300_Mu5_v10/1,ONE,L1_SingleJet200/1.00
752,304170,1.0,9.0,1.0,HLT_BTagMu_AK4Jet300_Mu5_v10/1,ONE,L1_SingleJet200/1.00
754,304199,10.0,3.0,1.0,HLT_BTagMu_AK4Jet300_Mu5_v10/1,ONE,L1_SingleJet200/1.00
755,304200,1.0,3.0,1.0,HLT_BTagMu_AK4Jet300_Mu5_v10/1,ONE,L1_SingleJet200/1.00
756,304200,39.0,4.0,1.0,HLT_BTagMu_AK4Jet300_Mu5_v10/1,ONE,L1_SingleJet200/1.00
757,304200,194.0,5.0,1.0,HLT_BTagMu_AK4Jet300_Mu5_v10/1,ONE,L1_SingleJet200/1.00
759,304204,47.0,2.0,1.0,HLT_BTagMu_AK4Jet300_Mu5_v10/1,ONE,L1_SingleJet200/1.00
760,304204,59.0,4.0,1.0,HLT_BTagMu_AK4Jet300_Mu5_v10/1,ONE,L1_SingleJet200/1.00
761,304204,61.0,2.0,1.0,HLT_BTagMu_AK4Jet300_Mu5_v10/1,ONE,L1_SingleJet200/1.00
762,304204,79.0,1.0,1.0,HLT_BTagMu_AK4Jet300_Mu5_v10/1,ONE,L1_SingleJet200/1.00
763,304204,105.0,2.0,1.0,HLT_BTagMu_AK4Jet300_Mu5_v10/1,ONE,L1_SingleJet200/1.00
764,304204,259.0,3.0,1.0,HLT_BTagMu_AK4Jet300_Mu5_v10/1,ONE,L1_SingleJet200/1.00
765,304204,262.0,4.0,1.0,HLT_BTagMu_AK4Jet300_Mu5_v10/1,ONE,L1_SingleJet200/1.00
766,304204,365.0,5.0,1.0,HLT_BTagMu_AK4Jet300_Mu5_v10/1,ONE,L1_SingleJet200/1.00
768,304209,39.0,2.0,1.0,HLT_BTagMu_AK4Jet300_Mu5_v10/1,ONE,L1_SingleJet200/1.00
769,304209,178.0,3.0,1.0,HLT_BTagMu_AK4Jet300_Mu5_v10/1,ONE,L1_SingleJet200/1.00
770,304209,190.0,2.0,1.0,HLT_BTagMu_AK4Jet300_Mu5_v10/1,ONE,L1_SingleJet200/1.00
771,304209,219.0,3.0,1.0,HLT_BTagMu_AK4Jet300_Mu5_v10/1,ONE,L1_SingleJet200/1.00
772,304209,280.0,4.0,1.0,HLT_BTagMu_AK4Jet300_Mu5_v10/1,ONE,L1_SingleJet200/1.00
773,304209,433.0,5.0,1.0,HLT_BTagMu_AK4Jet300_Mu5_v10/1,ONE,L1_SingleJet200/1.00
775,304291,12.0,2.0,1.0,HLT_BTagMu_AK4Jet300_Mu5_v10/1,ONE,L1_SingleJet200/1.00
777,304291,37.0,2.0,1.0,HLT_BTagMu_AK4Jet300_Mu5_v10/1,ONE,L1_SingleJet200/1.00
778,304292,1.0,2.0,1.0,HLT_BTagMu_AK4Jet300_Mu5_v10/1,ONE,L1_SingleJet200/1.00
779,304292,50.0,1.0,1.0,HLT_BTagMu_AK4Jet300_Mu5_v10/1,ONE,L1_SingleJet200/1.00
780,304292,69.0,2.0,1.0,HLT_BTagMu_AK4Jet300_Mu5_v10/1,ONE,L1_SingleJet200/1.00
781,304292,78.0,1.0,1.0,HLT_BTagMu_AK4Jet300_Mu5_v10/1,ONE,L1_SingleJet200/1.00
782,304292,138.0,2.0,1.0,HLT_BTagMu_AK4Jet300_Mu5_v10/1,ONE,L1_SingleJet200/1.00
783,304292,185.0,3.0,1.0,HLT_BTagMu_AK4Jet300_Mu5_v10/1,ONE,L1_SingleJet200/1.00
784,304292,249.0,4.0,1.0,HLT_BTagMu_AK4Jet300_Mu5_v10/1,ONE,L1_SingleJet200/1.00
785,304292,360.0,5.0,1.0,HLT_BTagMu_AK4Jet300_Mu5_v10/1,ONE,L1_SingleJet200/1.00
786,304292,505.0,6.0,1.0,HLT_BTagMu_AK4Jet300_Mu5_v10/1,ONE,L1_SingleJet200/1.00
787,304292,1083.0,7.0,1.0,HLT_BTagMu_AK4Jet300_Mu5_v10/1,ONE,L1_SingleJet200/1.00
788,304292,1735.0,8.0,1.0,HLT_BTagMu_AK4Jet300_Mu5_v10/1,ONE,L1_SingleJet200/1.00
790,304292,1781.0,8.0,1.0,HLT_BTagMu_AK4Jet300_Mu5_v10/1,ONE,L1_SingleJet200/1.00
792,304333,4.0,1.0,1.0,HLT_BTagMu_AK4Jet300_Mu5_v10/1,ONE,L1_SingleJet200/1.00
794,304333,74.0,1.0,1.0,HLT_BTagMu_AK4Jet300_Mu5_v10/1,ONE,L1_SingleJet200/1.00
795,304333,82.0,2.0,1.0,HLT_BTagMu_AK4Jet300_Mu5_v10/1,ONE,L1_SingleJet200/1.00
796,304333,120.0,1.0,1.0,HLT_BTagMu_AK4Jet300_Mu5_v10/1,ONE,L1_SingleJet200/1.00
797,304333,448.0,3.0,1.0,HLT_BTagMu_AK4Jet300_Mu5_v10/1,ONE,L1_SingleJet200/1.00
798,304333,503.0,4.0,1.0,HLT_BTagMu_AK4Jet300_Mu5_v10/1,ONE,L1_SingleJet200/1.00
799,304333,579.0,5.0,1.0,HLT_BTagMu_AK4Jet300_Mu5_v10/1,ONE,L1_SingleJet200/1.00
800,304333,739.0,6.0,1.0,HLT_BTagMu_AK4Jet300_Mu5_v10/1,ONE,L1_SingleJet200/1.00
801,304333,1366.0,7.0,1.0,HLT_BTagMu_AK4Jet300_Mu5_v10/1,ONE,L1_SingleJet200/1.00
803,304354,80.0,1.0,1.0,HLT_BTagMu_AK4Jet300_Mu5_v10/1,ONE,L1_SingleJet200/1.00
805,304366,4.0,1.0,1.0,HLT_BTagMu_AK4Jet300_Mu5_v10/1,ONE,L1_SingleJet200/1.00
807,304366,32.0,1.0,1.0,HLT_BTagMu_AK4Jet300_Mu5_v10/1,ONE,L1_SingleJet200/1.00
808,304366,339.0,2.0,1.0,HLT_BTagMu_AK4Jet300_Mu5_v10/1,ONE,L1_SingleJet200/1.00
809,304366,354.0,1.0,1.0,HLT_BTagMu_AK4Jet300_Mu5_v10/1,ONE,L1_SingleJet200/1.00
810,304366,380.0,2.0,1.0,HLT_BTagMu_AK4Jet300_Mu5_v10/1,ONE,L1_SingleJet200/1.00
811,304366,507.0,3.0,1.0,HLT_BTagMu_AK4Jet300_Mu5_v10/1,ONE,L1_SingleJet200/1.00
812,304366,570.0,4.0,1.0,HLT_BTagMu_AK4Jet300_Mu5_v10/1,ONE,L1_SingleJet200/1.00
813,304366,639.0,5.0,1.0,HLT_BTagMu_AK4Jet300_Mu5_v10/1,ONE,L1_SingleJet200/1.00
814,304366,755.0,6.0,1.0,HLT_BTagMu_AK4Jet300_Mu5_v10/1,ONE,L1_SingleJet200/1.00
815,304366,1388.0,7.0,1.0,HLT_BTagMu_AK4Jet300_Mu5_v10/1,ONE,L1_SingleJet200/1.00
817,304446,34.0,1.0,1.0,HLT_BTagMu_AK4Jet300_Mu5_v10/1,ONE,L1_SingleJet200/1.00
818,304447,1.0,1.0,1.0,HLT_BTagMu_AK4Jet300_Mu5_v10/1,ONE,L1_SingleJet200/1.00
819,304447,230.0,2.0,1.0,HLT_BTagMu_AK4Jet300_Mu5_v10/1,ONE,L1_SingleJet200/1.00
820,304447,289.0,3.0,1.0,HLT_BTagMu_AK4Jet300_Mu5_v10/1,ONE,L1_SingleJet200/1.00
821,304447,420.0,4.0,1.0,HLT_BTagMu_AK4Jet300_Mu5_v10/1,ONE,L1_SingleJet200/1.00
822,304447,483.0,5.0,1.0,HLT_BTagMu_AK4Jet300_Mu5_v10/1,ONE,L1_SingleJet200/1.00
823,304447,615.0,6.0,1.0,HLT_BTagMu_AK4Jet300_Mu5_v10/1,ONE,L1_SingleJet200/1.00
824,304447,1145.0,7.0,1.0,HLT_BTagMu_AK4Jet300_Mu5_v10/1,ONE,L1_SingleJet200/1.00
825,304447,1370.0,8.0,1.0,HLT_BTagMu_AK4Jet300_Mu5_v10/1,ONE,L1_SingleJet200/1.00
826,304451,1.0,8.0,1.0,HLT_BTagMu_AK4Jet300_Mu5_v10/1,ONE,L1_SingleJet200/1.00
828,304505,47.0,1.0,1.0,HLT_BTagMu_AK4Jet300_Mu5_v10/1,ONE,L1_SingleJet200/1.00
829,304506,1.0,1.0,1.0,HLT_BTagMu_AK4Jet300_Mu5_v10/1,ONE,L1_SingleJet200/1.00
830,304507,1.0,1.0,1.0,HLT_BTagMu_AK4Jet300_Mu5_v10/1,ONE,L1_SingleJet200/1.00
831,304507,50.0,2.0,1.0,HLT_BTagMu_AK4Jet300_Mu5_v10/1,ONE,L1_SingleJet200/1.00
832,304507,76.0,3.0,1.0,HLT_BTagMu_AK4Jet300_Mu5_v10/1,ONE,L1_SingleJet200/1.00
833,304507,172.0,4.0,1.0,HLT_BTagMu_AK4Jet300_Mu5_v10/1,ONE,L1_SingleJet200/1.00
834,304508,1.0,5.0,1.0,HLT_BTagMu_AK4Jet300_Mu5_v10/1,ONE,L1_SingleJet200/1.00
835,304508,130.0,6.0,1.0,HLT_BTagMu_AK4Jet300_Mu5_v10/1,ONE,L1_SingleJet200/1.00
836,304508,710.0,7.0,1.0,HLT_BTagMu_AK4Jet300_Mu5_v10/1,ONE,L1_SingleJet200/1.00
837,304508,1259.0,8.0,1.0,HLT_BTagMu_AK4Jet300_Mu5_v10/1,ONE,L1_SingleJet200/1.00
839,304562,4.0,1.0,1.0,HLT_BTagMu_AK4Jet300_Mu5_v10/1,ONE,L1_SingleJet200/1.00
841,304562,60.0,1.0,1.0,HLT_BTagMu_AK4Jet300_Mu5_v10/1,ONE,L1_SingleJet200/1.00
842,304562,268.0,2.0,1.0,HLT_BTagMu_AK4Jet300_Mu5_v10/1,ONE,L1_SingleJet200/1.00
843,304562,416.0,3.0,1.0,HLT_BTagMu_AK4Jet300_Mu5_v10/1,ONE,L1_SingleJet200/1.00
844,304562,473.0,4.0,1.0,HLT_BTagMu_AK4Jet300_Mu5_v10/1,ONE,L1_SingleJet200/1.00
845,304562,520.0,5.0,1.0,HLT_BTagMu_AK4Jet300_Mu5_v10/1,ONE,L1_SingleJet200/1.00
846,304562,579.0,6.0,1.0,HLT_BTagMu_AK4Jet300_Mu5_v10/1,ONE,L1_SingleJet200/1.00
847,304562,626.0,7.0,1.0,HLT_BTagMu_AK4Jet300_Mu5_v10/1,ONE,L1_SingleJet200/1.00
848,304562,684.0,8.0,1.0,HLT_BTagMu_AK4Jet300_Mu5_v10/1,ONE,L1_SingleJet200/1.00
849,304562,821.0,9.0,1.0,HLT_BTagMu_AK4Jet300_Mu5_v10/1,ONE,L1_SingleJet200/1.00
851,304616,48.0,1.0,1.0,HLT_BTagMu_AK4Jet300_Mu5_v10/1,ONE,L1_SingleJet200/1.00
852,304616,287.0,2.0,1.0,HLT_BTagMu_AK4Jet300_Mu5_v10/1,ONE,L1_SingleJet200/1.00
853,304616,461.0,3.0,1.0,HLT_BTagMu_AK4Jet300_Mu5_v10/1,ONE,L1_SingleJet200/1.00
854,304616,501.0,4.0,1.0,HLT_BTagMu_AK4Jet300_Mu5_v10/1,ONE,L1_SingleJet200/1.00
855,304616,580.0,5.0,1.0,HLT_BTagMu_AK4Jet300_Mu5_v10/1,ONE,L1_SingleJet200/1.00
856,304616,720.0,6.0,1.0,HLT_BTagMu_AK4Jet300_Mu5_v10/1,ONE,L1_SingleJet200/1.00
858,304625,49.0,1.0,1.0,HLT_BTagMu_AK4Jet300_Mu5_v10/1,ONE,L1_SingleJet200/1.00
860,304625,65.0,1.0,1.0,HLT_BTagMu_AK4Jet300_Mu5_v10/1,ONE,L1_SingleJet200/1.00
861,304625,382.0,2.0,1.0,HLT_BTagMu_AK4Jet300_Mu5_v10/1,ONE,L1_SingleJet200/1.00
862,304626,1.0,2.0,1.0,HLT_BTagMu_AK4Jet300_Mu5_v10/1,ONE,L1_SingleJet200/1.00
864,304654,41.0,1.0,1.0,HLT_BTagMu_AK4Jet300_Mu5_v10/1,ONE,L1_SingleJet200/1.00
865,304654,351.0,2.0,1.0,HLT_BTagMu_AK4Jet300_Mu5_v10/1,ONE,L1_SingleJet200/1.00
866,304654,538.0,3.0,1.0,HLT_BTagMu_AK4Jet300_Mu5_v10/1,ONE,L1_SingleJet200/1.00
867,304654,595.0,4.0,1.0,HLT_BTagMu_AK4Jet300_Mu5_v10/1,ONE,L1_SingleJet200/1.00
868,304654,668.0,5.0,1.0,HLT_BTagMu_AK4Jet300_Mu5_v10/1,ONE,L1_SingleJet200/1.00
869,304655,1.0,5.0,1.0,HLT_BTagMu_AK4Jet300_Mu5_v10/1,ONE,L1_SingleJet200/1.00
870,304655,91.0,6.0,1.0,HLT_BTagMu_AK4Jet300_Mu5_v10/1,ONE,L1_SingleJet200/1.00
871,304655,686.0,7.0,1.0,HLT_BTagMu_AK4Jet300_Mu5_v10/1,ONE,L1_SingleJet200/1.00
873,304661,43.0,1.0,1.0,HLT_BTagMu_AK4Jet300_Mu5_v10/1,ONE,L1_SingleJet200/1.00
874,304662,1.0,1.0,1.0,HLT_BTagMu_AK4Jet300_Mu5_v10/1,ONE,L1_SingleJet200/1.00
875,304662,109.0,2.0,1.0,HLT_BTagMu_AK4Jet300_Mu5_v10/1,ONE,L1_SingleJet200/1.00
876,304663,1.0,2.0,1.0,HLT_BTagMu_AK4Jet300_Mu5_v10/1,ONE,L1_SingleJet200/1.00
877,304663,127.0,3.0,1.0,HLT_BTagMu_AK4Jet300_Mu5_v10/1,ONE,L1_SingleJet200/1.00
878,304663,207.0,4.0,1.0,HLT_BTagMu_AK4Jet300_Mu5_v10/1,ONE,L1_SingleJet200/1.00
879,304663,278.0,5.0,1.0,HLT_BTagMu_AK4Jet300_Mu5_v10/1,ONE,L1_SingleJet200/1.00
880,304663,405.0,6.0,1.0,HLT_BTagMu_AK4Jet300_Mu5_v10/1,ONE,L1_SingleJet200/1.00
882,304671,41.0,1.0,1.0,HLT_BTagMu_AK4Jet300_Mu5_v10/1,ONE,L1_SingleJet200/1.00
883,304671,360.0,2.0,1.0,HLT_BTagMu_AK4Jet300_Mu5_v10/1,ONE,L1_SingleJet200/1.00
884,304671,362.0,1.0,1.0,HLT_BTagMu_AK4Jet300_Mu5_v10/1,ONE,L1_SingleJet200/1.00
885,304671,434.0,2.0,1.0,HLT_BTagMu_AK4Jet300_Mu5_v10/1,ONE,L1_SingleJet200/1.00
886,304671,544.0,3.0,1.0,HLT_BTagMu_AK4Jet300_Mu5_v10/1,ONE,L1_SingleJet200/1.00
887,304671,612.0,4.0,1.0,HLT_BTagMu_AK4Jet300_Mu5_v10/1,ONE,L1_SingleJet200/1.00
888,304671,679.0,5.0,1.0,HLT_BTagMu_AK4Jet300_Mu5_v10/1,ONE,L1_SingleJet200/1.00
889,304671,783.0,6.0,1.0,HLT_BTagMu_AK4Jet300_Mu5_v10/1,ONE,L1_SingleJet200/1.00
890,304672,1.0,6.0,1.0,HLT_BTagMu_AK4Jet300_Mu5_v10/1,ONE,L1_SingleJet200/1.00
892,304737,69.0,1.0,1.0,HLT_BTagMu_AK4Jet300_Mu5_v10/1,ONE,L1_SingleJet200/1.00
893,304737,76.0,2.0,1.0,HLT_BTagMu_AK4Jet300_Mu5_v10/1,ONE,L1_SingleJet200/1.00
894,304737,90.0,1.0,1.0,HLT_BTagMu_AK4Jet300_Mu5_v10/1,ONE,L1_SingleJet200/1.00
895,304738,1.0,1.0,1.0,HLT_BTagMu_AK4Jet300_Mu5_v10/1,ONE,L1_SingleJet200/1.00
896,304738,365.0,2.0,1.0,HLT_BTagMu_AK4Jet300_Mu5_v10/1,ONE,L1_SingleJet200/1.00
897,304738,489.0,3.0,1.0,HLT_BTagMu_AK4Jet300_Mu5_v10/1,ONE,L1_SingleJet200/1.00
898,304738,563.0,4.0,1.0,HLT_BTagMu_AK4Jet300_Mu5_v10/1,ONE,L1_SingleJet200/1.00
899,304738,631.0,5.0,1.0,HLT_BTagMu_AK4Jet300_Mu5_v10/1,ONE,L1_SingleJet200/1.00
900,304738,769.0,6.0,1.0,HLT_BTagMu_AK4Jet300_Mu5_v10/1,ONE,L1_SingleJet200/1.00
901,304738,1332.0,7.0,1.0,HLT_BTagMu_AK4Jet300_Mu5_v10/1,ONE,L1_SingleJet200/1.00
902,304738,1579.0,8.0,1.0,HLT_BTagMu_AK4Jet300_Mu5_v10/1,ONE,L1_SingleJet200/1.00
904,304739,3.0,8.0,1.0,HLT_BTagMu_AK4Jet300_Mu5_v10/1,ONE,L1_SingleJet200/1.00
905,304740,1.0,8.0,1.0,HLT_BTagMu_AK4Jet300_Mu5_v10/1,ONE,L1_SingleJet200/1.00
907,304776,16.0,10.0,1.0,HLT_BTagMu_AK4Jet300_Mu5_v10/1,ONE,L1_SingleJet200/1.00
909,304776,48.0,10.0,1.0,HLT_BTagMu_AK4Jet300_Mu5_v10/1,ONE,L1_SingleJet200/1.00
910,304777,1.0,10.0,1.0,HLT_BTagMu_AK4Jet300_Mu5_v10/1,ONE,L1_SingleJet200/1.00
911,304777,101.0,1.0,1.0,HLT_BTagMu_AK4Jet300_Mu5_v10/1,ONE,L1_SingleJet200/1.00
912,304777,226.0,10.0,1.0,HLT_BTagMu_AK4Jet300_Mu5_v10/1,ONE,L1_SingleJet200/1.00
913,304777,263.0,11.0,1.0,HLT_BTagMu_AK4Jet300_Mu5_v10/1,ONE,L1_SingleJet200/1.00
914,304777,266.0,10.0,1.0,HLT_BTagMu_AK4Jet300_Mu5_v10/1,ONE,L1_SingleJet200/1.00
915,304777,357.0,11.0,1.0,HLT_BTagMu_AK4Jet300_Mu5_v10/1,ONE,L1_SingleJet200/1.00
917,304778,4.0,12.0,1.0,HLT_BTagMu_AK4Jet300_Mu5_v10/1,ONE,L1_SingleJet200/1.00
918,304778,47.0,4.0,1.0,HLT_BTagMu_AK4Jet300_Mu5_v10/1,ONE,L1_SingleJet200/1.00
919,304778,122.0,5.0,1.0,HLT_BTagMu_AK4Jet300_Mu5_v10/1,ONE,L1_SingleJet200/1.00
920,304778,257.0,6.0,1.0,HLT_BTagMu_AK4Jet300_Mu5_v10/1,ONE,L1_SingleJet200/1.00
921,304778,854.0,7.0,1.0,HLT_BTagMu_AK4Jet300_Mu5_v10/1,ONE,L1_SingleJet200/1.00
923,304797,4.0,1.0,1.0,HLT_BTagMu_AK4Jet300_Mu5_v10/1,ONE,L1_SingleJet200/1.00
925,304797,22.0,1.0,1.0,HLT_BTagMu_AK4Jet300_Mu5_v10/1,ONE,L1_SingleJet200/1.00
926,304797,426.0,2.0,1.0,HLT_BTagMu_AK4Jet300_Mu5_v10/1,ONE,L1_SingleJet200/1.00
927,304797,554.0,3.0,1.0,HLT_BTagMu_AK4Jet300_Mu5_v10/1,ONE,L1_SingleJet200/1.00
928,304797,581.0,4.0,1.0,HLT_BTagMu_AK4Jet300_Mu5_v10/1,ONE,L1_SingleJet200/1.00
929,304797,672.0,5.0,1.0,HLT_BTagMu_AK4Jet300_Mu5_v10/1,ONE,L1_SingleJet200/1.00
930,304797,772.0,6.0,1.0,HLT_BTagMu_AK4Jet300_Mu5_v10/1,ONE,L1_SingleJet200/1.00
931,304797,1459.0,7.0,1.0,HLT_BTagMu_AK4Jet300_Mu5_v10/1,ONE,L1_SingleJet200/1.00
932,304797,2087.0,8.0,1.0,HLT_BTagMu_AK4Jet300_Mu5_v10/1,ONE,L1_SingleJet200/1.00
933,304797,2864.0,9.0,1.0,HLT_BTagMu_AK4Jet300_Mu5_v10/1,ONE,L1_SingleJet200/1.00
935,305044,3.0,1.0,1.0,HLT_BTagMu_AK4Jet300_Mu5_v10/1,ONE,L1_SingleJet200/1.00
936,305044,56.0,2.0,1.0,HLT_BTagMu_AK4Jet300_Mu5_v10/1,ONE,L1_SingleJet200/1.00
937,305045,1.0,2.0,1.0,HLT_BTagMu_AK4Jet300_Mu5_v10/1,ONE,L1_SingleJet200/1.00
938,305045,2.0,3.0,1.0,HLT_BTagMu_AK4Jet300_Mu5_v10/1,ONE,L1_SingleJet200/1.00
939,305045,67.0,4.0,1.0,HLT_BTagMu_AK4Jet300_Mu5_v10/1,ONE,L1_SingleJet200/1.00
940,305045,143.0,5.0,1.0,HLT_BTagMu_AK4Jet300_Mu5_v10/1,ONE,L1_SingleJet200/1.00
941,305045,286.0,6.0,1.0,HLT_BTagMu_AK4Jet300_Mu5_v10/1,ONE,L1_SingleJet200/1.00
942,305045,376.0,7.0,1.0,HLT_BTagMu_AK4Jet300_Mu5_v10/1,ONE,L1_SingleJet200/1.00
943,305045,789.0,8.0,1.0,HLT_BTagMu_AK4Jet300_Mu5_v10/1,ONE,L1_SingleJet200/1.00
944,305046,1.0,8.0,1.0,HLT_BTagMu_AK4Jet300_Mu5_v10/1,ONE,L1_SingleJet200/1.00
945,305046,5.0,7.0,1.0,HLT_BTagMu_AK4Jet300_Mu5_v10/1,ONE,L1_SingleJet200/1.00
946,305046,267.0,8.0,1.0,HLT_BTagMu_AK4Jet300_Mu5_v10/1,ONE,L1_SingleJet200/1.00
948,305059,62.0,1.0,1.0,HLT_BTagMu_AK4Jet300_Mu5_v10/1,ONE,L1_SingleJet200/1.00
949,305059,529.0,2.0,1.0,HLT_BTagMu_AK4Jet300_Mu5_v10/1,ONE,L1_SingleJet200/1.00
950,305059,535.0,1.0,1.0,HLT_BTagMu_AK4Jet300_Mu5_v10/1,ONE,L1_SingleJet200/1.00
951,305062,1.0,1.0,1.0,HLT_BTagMu_AK4Jet300_Mu5_v10/1,ONE,L1_SingleJet200/1.00
952,305063,1.0,1.0,1.0,HLT_BTagMu_AK4Jet300_Mu5_v10/1,ONE,L1_SingleJet200/1.00
953,305063,30.0,2.0,1.0,HLT_BTagMu_AK4Jet300_Mu5_v10/1,ONE,L1_SingleJet200/1.00
954,305064,1.0,2.0,1.0,HLT_BTagMu_AK4Jet300_Mu5_v10/1,ONE,L1_SingleJet200/1.00
955,305064,97.0,3.0,1.0,HLT_BTagMu_AK4Jet300_Mu5_v10/1,ONE,L1_SingleJet200/1.00
956,305064,173.0,4.0,1.0,HLT_BTagMu_AK4Jet300_Mu5_v10/1,ONE,L1_SingleJet200/1.00
957,305064,243.0,5.0,1.0,HLT_BTagMu_AK4Jet300_Mu5_v10/1,ONE,L1_SingleJet200/1.00
958,305064,460.0,6.0,1.0,HLT_BTagMu_AK4Jet300_Mu5_v10/1,ONE,L1_SingleJet200/1.00
959,305064,982.0,7.0,1.0,HLT_BTagMu_AK4Jet300_Mu5_v10/1,ONE,L1_SingleJet200/1.00
960,305064,1587.0,8.0,1.0,HLT_BTagMu_AK4Jet300_Mu5_v10/1,ONE,L1_SingleJet200/1.00
962,305081,52.0,1.0,1.0,HLT_BTagMu_AK4Jet300_Mu5_v10/1,ONE,L1_SingleJet200/1.00
963,305081,69.0,2.0,1.0,HLT_BTagMu_AK4Jet300_Mu5_v10/1,ONE,L1_SingleJet200/1.00
964,305081,756.0,3.0,1.0,HLT_BTagMu_AK4Jet300_Mu5_v10/1,ONE,L1_SingleJet200/1.00
965,305081,828.0,4.0,1.0,HLT_BTagMu_AK4Jet300_Mu5_v10/1,ONE,L1_SingleJet200/1.00
966,305081,900.0,5.0,1.0,HLT_BTagMu_AK4Jet300_Mu5_v10/1,ONE,L1_SingleJet200/1.00
967,305081,1096.0,6.0,1.0,HLT_BTagMu_AK4Jet300_Mu5_v10/1,ONE,L1_SingleJet200/1.00
969,305112,66.0,1.0,1.0,HLT_BTagMu_AK4Jet300_Mu5_v10/1,ONE,L1_SingleJet200/1.00
970,305112,147.0,2.0,1.0,HLT_BTagMu_AK4Jet300_Mu5_v10/1,ONE,L1_SingleJet200/1.00
971,305112,720.0,3.0,1.0,HLT_BTagMu_AK4Jet300_Mu5_v10/1,ONE,L1_SingleJet200/1.00
972,305112,813.0,4.0,1.0,HLT_BTagMu_AK4Jet300_Mu5_v10/1,ONE,L1_SingleJet200/1.00
973,305112,891.0,5.0,1.0,HLT_BTagMu_AK4Jet300_Mu5_v10/1,ONE,L1_SingleJet200/1.00
974,305112,957.0,6.0,1.0,HLT_BTagMu_AK4Jet300_Mu5_v10/1,ONE,L1_SingleJet200/1.00
976,305113,9.0,6.0,1.0,HLT_BTagMu_AK4Jet300_Mu5_v10/1,ONE,L1_SingleJet200/1.00
977,305114,1.0,6.0,1.0,HLT_BTagMu_AK4Jet300_Mu5_v10/1,ONE,L1_SingleJet200/1.00
978,305114,32.0,7.0,1.0,HLT_BTagMu_AK4Jet300_Mu5_v10/1,ONE,L1_SingleJet200/1.00
980,305178,50.0,10.0,1.0,HLT_BTagMu_AK4Jet300_Mu5_v10/1,ONE,L1_SingleJet200/1.00
981,305179,1.0,10.0,1.0,HLT_BTagMu_AK4Jet300_Mu5_v10/1,ONE,L1_SingleJet200/1.00
982,305180,1.0,10.0,1.0,HLT_BTagMu_AK4Jet300_Mu5_v10/1,ONE,L1_SingleJet200/1.00
983,305181,1.0,10.0,1.0,HLT_BTagMu_AK4Jet300_Mu5_v10/1,ONE,L1_SingleJet200/1.00
984,305182,1.0,10.0,1.0,HLT_BTagMu_AK4Jet300_Mu5_v10/1,ONE,L1_SingleJet200/1.00
985,305183,1.0,10.0,1.0,HLT_BTagMu_AK4Jet300_Mu5_v10/1,ONE,L1_SingleJet200/1.00
986,305184,1.0,10.0,1.0,HLT_BTagMu_AK4Jet300_Mu5_v10/1,ONE,L1_SingleJet200/1.00
987,305186,1.0,10.0,1.0,HLT_BTagMu_AK4Jet300_Mu5_v10/1,ONE,L1_SingleJet200/1.00
988,305186,100.0,11.0,1.0,HLT_BTagMu_AK4Jet300_Mu5_v10/1,ONE,L1_SingleJet200/1.00
989,305186,232.0,12.0,1.0,HLT_BTagMu_AK4Jet300_Mu5_v10/1,ONE,L1_SingleJet200/1.00
990,305186,373.0,13.0,1.0,HLT_BTagMu_AK4Jet300_Mu5_v10/1,ONE,L1_SingleJet200/1.00
991,305186,407.0,14.0,1.0,HLT_BTagMu_AK4Jet300_Mu5_v10/1,ONE,L1_SingleJet200/1.00
992,305188,1.0,14.0,1.0,HLT_BTagMu_AK4Jet300_Mu5_v10/1,ONE,L1_SingleJet200/1.00
993,305188,17.0,15.0,1.0,HLT_BTagMu_AK4Jet300_Mu5_v10/1,ONE,L1_SingleJet200/1.00
994,305188,34.0,16.0,1.0,HLT_BTagMu_AK4Jet300_Mu5_v10/1,ONE,L1_SingleJet200/1.00
995,305188,469.0,17.0,1.0,HLT_BTagMu_AK4Jet300_Mu5_v10/1,ONE,L1_SingleJet200/1.00
996,305188,481.0,18.0,1.0,HLT_BTagMu_AK4Jet300_Mu5_v10/1,ONE,L1_SingleJet200/1.00
998,305202,65.0,1.0,1.0,HLT_BTagMu_AK4Jet300_Mu5_v10/1,ONE,L1_SingleJet200/1.00
999,305202,550.0,2.0,1.0,HLT_BTagMu_AK4Jet300_Mu5_v10/1,ONE,L1_SingleJet200/1.00
1000,305204,1.0,3.0,1.0,HLT_BTagMu_AK4Jet300_Mu5_v10/1,ONE,L1_SingleJet200/1.00
1001,305204,146.0,5.0,1.0,HLT_BTagMu_AK4Jet300_Mu5_v10/1,ONE,L1_SingleJet200/1.00
1002,305204,320.0,6.0,1.0,HLT_BTagMu_AK4Jet300_Mu5_v10/1,ONE,L1_SingleJet200/1.00
1003,305204,861.0,7.0,1.0,HLT_BTagMu_AK4Jet300_Mu5_v10/1,ONE,L1_SingleJet200/1.00
1005,305207,43.0,1.0,1.0,HLT_BTagMu_AK4Jet300_Mu5_v10/1,ONE,L1_SingleJet200/1.00
1006,305207,667.0,2.0,1.0,HLT_BTagMu_AK4Jet300_Mu5_v10/1,ONE,L1_SingleJet200/1.00
1007,305207,786.0,3.0,1.0,HLT_BTagMu_AK4Jet300_Mu5_v10/1,ONE,L1_SingleJet200/1.00
1008,305207,859.0,4.0,1.0,HLT_BTagMu_AK4Jet300_Mu5_v10/1,ONE,L1_SingleJet200/1.00
1009,305207,944.0,5.0,1.0,HLT_BTagMu_AK4Jet300_Mu5_v10/1,ONE,L1_SingleJet200/1.00
1010,305207,1059.0,6.0,1.0,HLT_BTagMu_AK4Jet300_Mu5_v10/1,ONE,L1_SingleJet200/1.00
1011,305208,1.0,6.0,1.0,HLT_BTagMu_AK4Jet300_Mu5_v10/1,ONE,L1_SingleJet200/1.00
1013,305234,50.0,1.0,1.0,HLT_BTagMu_AK4Jet300_Mu5_v10/1,ONE,L1_SingleJet200/1.00
1014,305234,63.0,2.0,1.0,HLT_BTagMu_AK4Jet300_Mu5_v10/1,ONE,L1_SingleJet200/1.00
1015,305236,1.0,2.0,1.0,HLT_BTagMu_AK4Jet300_Mu5_v10/1,ONE,L1_SingleJet200/1.00
1016,305237,1.0,2.0,1.0,HLT_BTagMu_AK4Jet300_Mu5_v10/1,ONE,L1_SingleJet200/1.00
1017,305237,595.0,3.0,1.0,HLT_BTagMu_AK4Jet300_Mu5_v10/1,ONE,L1_SingleJet200/1.00
1018,305237,672.0,4.0,1.0,HLT_BTagMu_AK4Jet300_Mu5_v10/1,ONE,L1_SingleJet200/1.00
1019,305237,796.0,5.0,1.0,HLT_BTagMu_AK4Jet300_Mu5_v10/1,ONE,L1_SingleJet200/1.00
1020,305237,843.0,6.0,1.0,HLT_BTagMu_AK4Jet300_Mu5_v10/1,ONE,L1_SingleJet200/1.00
1022,305247,38.0,1.0,1.0,HLT_BTagMu_AK4Jet300_Mu5_v10/1,ONE,L1_SingleJet200/1.00
1023,305247,58.0,2.0,1.0,HLT_BTagMu_AK4Jet300_Mu5_v10/1,ONE,L1_SingleJet200/1.00
1024,305248,1.0,2.0,1.0,HLT_BTagMu_AK4Jet300_Mu5_v10/1,ONE,L1_SingleJet200/1.00
1025,305248,294.0,3.0,1.0,HLT_BTagMu_AK4Jet300_Mu5_v10/1,ONE,L1_SingleJet200/1.00
1026,305248,373.0,4.0,1.0,HLT_BTagMu_AK4Jet300_Mu5_v10/1,ONE,L1_SingleJet200/1.00
1027,305248,507.0,5.0,1.0,HLT_BTagMu_AK4Jet300_Mu5_v10/1,ONE,L1_SingleJet200/1.00
1028,305248,668.0,6.0,1.0,HLT_BTagMu_AK4Jet300_Mu5_v10/1,ONE,L1_SingleJet200/1.00
1029,305252,1.0,6.0,1.0,HLT_BTagMu_AK4Jet300_Mu5_v10/1,ONE,L1_SingleJet200/1.00
1030,305252,204.0,7.0,1.0,HLT_BTagMu_AK4Jet300_Mu5_v10/1,ONE,L1_SingleJet200/1.00
1032,305282,73.0,1.0,1.0,HLT_BTagMu_AK4Jet300_Mu5_v10/1,ONE,L1_SingleJet200/1.00
1033,305282,87.0,2.0,1.0,HLT_BTagMu_AK4Jet300_Mu5_v10/1,ONE,L1_SingleJet200/1.00
1035,305310,59.0,1.0,1.0,HLT_BTagMu_AK4Jet300_Mu5_v10/1,ONE,L1_SingleJet200/1.00
1036,305310,65.0,2.0,1.0,HLT_BTagMu_AK4Jet300_Mu5_v10/1,ONE,L1_SingleJet200/1.00
1037,305311,1.0,2.0,1.0,HLT_BTagMu_AK4Jet300_Mu5_v10/1,ONE,L1_SingleJet200/1.00
1038,305312,1.0,2.0,1.0,HLT_BTagMu_AK4Jet300_Mu5_v10/1,ONE,L1_SingleJet200/1.00
1039,305312,99.0,3.0,1.0,HLT_BTagMu_AK4Jet300_Mu5_v10/1,ONE,L1_SingleJet200/1.00
1040,305312,164.0,4.0,1.0,HLT_BTagMu_AK4Jet300_Mu5_v10/1,ONE,L1_SingleJet200/1.00
1041,305313,1.0,4.0,1.0,HLT_BTagMu_AK4Jet300_Mu5_v10/1,ONE,L1_SingleJet200/1.00
1042,305313,89.0,5.0,1.0,HLT_BTagMu_AK4Jet300_Mu5_v10/1,ONE,L1_SingleJet200/1.00
1043,305313,258.0,6.0,1.0,HLT_BTagMu_AK4Jet300_Mu5_v10/1,ONE,L1_SingleJet200/1.00
1044,305314,1.0,6.0,1.0,HLT_BTagMu_AK4Jet300_Mu5_v10/1,ONE,L1_SingleJet200/1.00
1045,305314,76.0,7.0,1.0,HLT_BTagMu_AK4Jet300_Mu5_v10/1,ONE,L1_SingleJet200/1.00
1046,305314,367.0,8.0,1.0,HLT_BTagMu_AK4Jet300_Mu5_v10/1,ONE,L1_SingleJet200/1.00
1048,305336,36.0,1.0,1.0,HLT_BTagMu_AK4Jet300_Mu5_v10/1,ONE,L1_SingleJet200/1.00
1049,305338,1.0,1.0,1.0,HLT_BTagMu_AK4Jet300_Mu5_v10/1,ONE,L1_SingleJet200/1.00
1050,305341,1.0,1.0,1.0,HLT_BTagMu_AK4Jet300_Mu5_v10/1,ONE,L1_SingleJet200/1.00
1051,305341,265.0,2.0,1.0,HLT_BTagMu_AK4Jet300_Mu5_v10/1,ONE,L1_SingleJet200/1.00
1052,305341,381.0,3.0,1.0,HLT_BTagMu_AK4Jet300_Mu5_v10/1,ONE,L1_SingleJet200/1.00
1053,305341,468.0,4.0,1.0,HLT_BTagMu_AK4Jet300_Mu5_v10/1,ONE,L1_SingleJet200/1.00
1054,305349,1.0,4.0,1.0,HLT_BTagMu_AK4Jet300_Mu5_v10/1,ONE,L1_SingleJet200/1.00
1055,305350,1.0,5.0,1.0,HLT_BTagMu_AK4Jet300_Mu5_v10/1,ONE,L1_SingleJet200/1.00
1056,305351,1.0,5.0,1.0,HLT_BTagMu_AK4Jet300_Mu5_v10/1,ONE,L1_SingleJet200/1.00
1057,305351,148.0,6.0,1.0,HLT_BTagMu_AK4Jet300_Mu5_v10/1,ONE,L1_SingleJet200/1.00
1058,305351,559.0,7.0,1.0,HLT_BTagMu_AK4Jet300_Mu5_v10/1,ONE,L1_SingleJet200/1.00
1060,305358,90.0,1.0,1.0,HLT_BTagMu_AK4Jet300_Mu5_v10/1,ONE,L1_SingleJet200/1.00
1062,305364,45.0,1.0,1.0,HLT_BTagMu_AK4Jet300_Mu5_v10/1,ONE,L1_SingleJet200/1.00
1063,305365,1.0,1.0,1.0,HLT_BTagMu_AK4Jet300_Mu5_v10/1,ONE,L1_SingleJet200/1.00
1064,305365,443.0,2.0,1.0,HLT_BTagMu_AK4Jet300_Mu5_v10/1,ONE,L1_SingleJet200/1.00
1065,305365,444.0,1.0,1.0,HLT_BTagMu_AK4Jet300_Mu5_v10/1,ONE,L1_SingleJet200/1.00
1066,305365,462.0,2.0,1.0,HLT_BTagMu_AK4Jet300_Mu5_v10/1,ONE,L1_SingleJet200/1.00
1067,305365,569.0,3.0,1.0,HLT_BTagMu_AK4Jet300_Mu5_v10/1,ONE,L1_SingleJet200/1.00
1068,305365,651.0,4.0,1.0,HLT_BTagMu_AK4Jet300_Mu5_v10/1,ONE,L1_SingleJet200/1.00
1069,305365,723.0,5.0,1.0,HLT_BTagMu_AK4Jet300_Mu5_v10/1,ONE,L1_SingleJet200/1.00
1070,305366,1.0,5.0,1.0,HLT_BTagMu_AK4Jet300_Mu5_v10/1,ONE,L1_SingleJet200/1.00
1071,305366,73.0,6.0,1.0,HLT_BTagMu_AK4Jet300_Mu5_v10/1,ONE,L1_SingleJet200/1.00
1072,305366,590.0,7.0,1.0,HLT_BTagMu_AK4Jet300_Mu5_v10/1,ONE,L1_SingleJet200/1.00
1073,305366,1058.0,8.0,1.0,HLT_BTagMu_AK4Jet300_Mu5_v10/1,ONE,L1_SingleJet200/1.00
1075,305376,65.0,1.0,1.0,HLT_BTagMu_AK4Jet300_Mu5_v10/1,ONE,L1_SingleJet200/1.00
1076,305377,1.0,1.0,1.0,HLT_BTagMu_AK4Jet300_Mu5_v10/1,ONE,L1_SingleJet200/1.00
1077,305377,217.0,2.0,1.0,HLT_BTagMu_AK4Jet300_Mu5_v10/1,ONE,L1_SingleJet200/1.00
1078,305377,398.0,1.0,1.0,HLT_BTagMu_AK4Jet300_Mu5_v10/1,ONE,L1_SingleJet200/1.00
1079,305377,438.0,2.0,1.0,HLT_BTagMu_AK4Jet300_Mu5_v10/1,ONE,L1_SingleJet200/1.00
1080,305377,591.0,3.0,1.0,HLT_BTagMu_AK4Jet300_Mu5_v10/1,ONE,L1_SingleJet200/1.00
1081,305377,663.0,4.0,1.0,HLT_BTagMu_AK4Jet300_Mu5_v10/1,ONE,L1_SingleJet200/1.00
1082,305377,705.0,5.0,1.0,HLT_BTagMu_AK4Jet300_Mu5_v10/1,ONE,L1_SingleJet200/1.00
1083,305377,780.0,6.0,1.0,HLT_BTagMu_AK4Jet300_Mu5_v10/1,ONE,L1_SingleJet200/1.00
1084,305377,1374.0,7.0,1.0,HLT_BTagMu_AK4Jet300_Mu5_v10/1,ONE,L1_SingleJet200/1.00
1085,305405,1.0,2.0,1.0,HLT_BTagMu_AK4Jet300_Mu5_v10/1,ONE,L1_SingleJet200/1.00
1086,305405,491.0,3.0,1.0,HLT_BTagMu_AK4Jet300_Mu5_v10/1,ONE,L1_SingleJet200/1.00
1087,305405,544.0,2.0,1.0,HLT_BTagMu_AK4Jet300_Mu5_v10/1,ONE,L1_SingleJet200/1.00
1088,305405,549.0,1.0,1.0,HLT_BTagMu_AK4Jet300_Mu5_v10/1,ONE,L1_SingleJet200/1.00
1089,305406,1.0,2.0,1.0,HLT_BTagMu_AK4Jet300_Mu5_v10/1,ONE,L1_SingleJet200/1.00
1090,305406,29.0,3.0,1.0,HLT_BTagMu_AK4Jet300_Mu5_v10/1,ONE,L1_SingleJet200/1.00
1091,305406,126.0,4.0,1.0,HLT_BTagMu_AK4Jet300_Mu5_v10/1,ONE,L1_SingleJet200/1.00
1092,305406,238.0,5.0,1.0,HLT_BTagMu_AK4Jet300_Mu5_v10/1,ONE,L1_SingleJet200/1.00
1093,305406,370.0,6.0,1.0,HLT_BTagMu_AK4Jet300_Mu5_v10/1,ONE,L1_SingleJet200/1.00
1094,305406,522.0,7.0,1.0,HLT_BTagMu_AK4Jet300_Mu5_v10/1,ONE,L1_SingleJet200/1.00
1095,305406,1020.0,8.0,1.0,HLT_BTagMu_AK4Jet300_Mu5_v10/1,ONE,L1_SingleJet200/1.00
1096,305406,1462.0,9.0,1.0,HLT_BTagMu_AK4Jet300_Mu5_v10/1,ONE,L1_SingleJet200/1.00
1098,305440,18.0,2.0,1.0,HLT_BTagMu_AK4Jet300_Mu5_v10/1,ONE,L1_SingleJet200/1.00
1099,305441,1.0,2.0,1.0,HLT_BTagMu_AK4Jet300_Mu5_v10/1,ONE,L1_SingleJet200/1.00
1101,305516,27.0,2.0,1.0,HLT_BTagMu_AK4Jet300_Mu5_v10/1,ONE,L1_SingleJet200/1.00
1102,305516,42.0,1.0,1.0,HLT_BTagMu_AK4Jet300_Mu5_v10/1,ONE,L1_SingleJet200/1.00
1103,305516,64.0,2.0,1.0,HLT_BTagMu_AK4Jet300_Mu5_v10/1,ONE,L1_SingleJet200/1.00
1104,305516,232.0,3.0,1.0,HLT_BTagMu_AK4Jet300_Mu5_v10/1,ONE,L1_SingleJet200/1.00
1105,305516,557.0,2.0,1.0,HLT_BTagMu_AK4Jet300_Mu5_v10/1,ONE,L1_SingleJet200/1.00
1106,305516,611.0,3.0,1.0,HLT_BTagMu_AK4Jet300_Mu5_v10/1,ONE,L1_SingleJet200/1.00
1107,305517,1.0,3.0,1.0,HLT_BTagMu_AK4Jet300_Mu5_v10/1,ONE,L1_SingleJet200/1.00
1108,305517,37.0,4.0,1.0,HLT_BTagMu_AK4Jet300_Mu5_v10/1,ONE,L1_SingleJet200/1.00
1109,305518,1.0,5.0,1.0,HLT_BTagMu_AK4Jet300_Mu5_v10/1,ONE,L1_SingleJet200/1.00
1110,305518,129.0,6.0,1.0,HLT_BTagMu_AK4Jet300_Mu5_v10/1,ONE,L1_SingleJet200/1.00
1111,305518,328.0,7.0,1.0,HLT_BTagMu_AK4Jet300_Mu5_v10/1,ONE,L1_SingleJet200/1.00
1112,305518,837.0,8.0,1.0,HLT_BTagMu_AK4Jet300_Mu5_v10/1,ONE,L1_SingleJet200/1.00
1113,305586,1.0,2.0,1.0,HLT_BTagMu_AK4Jet300_Mu5_v10/1,ONE,L1_SingleJet200/1.00
1115,305586,33.0,2.0,1.0,HLT_BTagMu_AK4Jet300_Mu5_v10/1,ONE,L1_SingleJet200/1.00
1116,305586,45.0,1.0,1.0,HLT_BTagMu_AK4Jet300_Mu5_v10/1,ONE,L1_SingleJet200/1.00
1117,305586,55.0,2.0,1.0,HLT_BTagMu_AK4Jet300_Mu5_v10/1,ONE,L1_SingleJet200/1.00
1118,305586,548.0,3.0,1.0,HLT_BTagMu_AK4Jet300_Mu5_v10/1,ONE,L1_SingleJet200/1.00
1119,305589,1.0,2.0,1.0,HLT_BTagMu_AK4Jet300_Mu5_v10/1,ONE,L1_SingleJet200/1.00
1120,305589,2.0,4.0,1.0,HLT_BTagMu_AK4Jet300_Mu5_v10/1,ONE,L1_SingleJet200/1.00
1121,305589,40.0,5.0,1.0,HLT_BTagMu_AK4Jet300_Mu5_v10/1,ONE,L1_SingleJet200/1.00
1122,305589,221.0,6.0,1.0,HLT_BTagMu_AK4Jet300_Mu5_v10/1,ONE,L1_SingleJet200/1.00
1123,305589,362.0,7.0,1.0,HLT_BTagMu_AK4Jet300_Mu5_v10/1,ONE,L1_SingleJet200/1.00
1124,305590,1.0,7.0,1.0,HLT_BTagMu_AK4Jet300_Mu5_v10/1,ONE,L1_SingleJet200/1.00
1125,305590,177.0,8.0,1.0,HLT_BTagMu_AK4Jet300_Mu5_v10/1,ONE,L1_SingleJet200/1.00
1126,305590,714.0,9.0,1.0,HLT_BTagMu_AK4Jet300_Mu5_v10/1,ONE,L1_SingleJet200/1.00
1127,305636,1.0,2.0,1.0,HLT_BTagMu_AK4Jet300_Mu5_v10/1,ONE,L1_SingleJet200/1.00
1129,305636,60.0,12.0,1.0,HLT_BTagMu_AK4Jet300_Mu5_v10/1,ONE,L1_SingleJet200/1.00
1130,305636,167.0,2.0,1.0,HLT_BTagMu_AK4Jet300_Mu5_v10/1,ONE,L1_SingleJet200/1.00
1131,305636,199.0,12.0,1.0,HLT_BTagMu_AK4Jet300_Mu5_v10/1,ONE,L1_SingleJet200/1.00
1132,305636,528.0,13.0,1.0,HLT_BTagMu_AK4Jet300_Mu5_v10/1,ONE,L1_SingleJet200/1.00
1133,305636,673.0,14.0,1.0,HLT_BTagMu_AK4Jet300_Mu5_v10/1,ONE,L1_SingleJet200/1.00
1134,305636,813.0,15.0,1.0,HLT_BTagMu_AK4Jet300_Mu5_v10/1,ONE,L1_SingleJet200/1.00
1135,305636,905.0,16.0,1.0,HLT_BTagMu_AK4Jet300_Mu5_v10/1,ONE,L1_SingleJet200/1.00
1136,305636,1107.0,17.0,1.0,HLT_BTagMu_AK4Jet300_Mu5_v10/1,ONE,L1_SingleJet200/1.00
1137,305636,1605.0,18.0,1.0,HLT_BTagMu_AK4Jet300_Mu5_v10/1,ONE,L1_SingleJet200/1.00
1138,305636,2209.0,19.0,1.0,HLT_BTagMu_AK4Jet300_Mu5_v10/1,ONE,L1_SingleJet200/1.00
1140,305766,54.0,2.0,1.0,HLT_BTagMu_AK4Jet300_Mu5_v10/1,ONE,L1_SingleJet200/1.00
1141,305766,629.0,3.0,1.0,HLT_BTagMu_AK4Jet300_Mu5_v10/1,ONE,L1_SingleJet200/1.00
1142,305766,717.0,4.0,1.0,HLT_BTagMu_AK4Jet300_Mu5_v10/1,ONE,L1_SingleJet200/1.00
1143,305766,829.0,5.0,1.0,HLT_BTagMu_AK4Jet300_Mu5_v10/1,ONE,L1_SingleJet200/1.00
1144,305809,1.0,2.0,1.0,HLT_BTagMu_AK4Jet300_Mu5_v10/1,ONE,L1_SingleJet200/1.00
1145,305814,1.0,2.0,1.0,HLT_BTagMu_AK4Jet300_Mu5_v10/1,ONE,L1_SingleJet200/1.00
1147,305814,84.0,2.0,1.0,HLT_BTagMu_AK4Jet300_Mu5_v10/1,ONE,L1_SingleJet200/1.00
1148,305814,560.0,3.0,1.0,HLT_BTagMu_AK4Jet300_Mu5_v10/1,ONE,L1_SingleJet200/1.00
1149,305814,651.0,4.0,1.0,HLT_BTagMu_AK4Jet300_Mu5_v10/1,ONE,L1_SingleJet200/1.00
1150,305814,780.0,5.0,1.0,HLT_BTagMu_AK4Jet300_Mu5_v10/1,ONE,L1_SingleJet200/1.00
1151,305814,879.0,6.0,1.0,HLT_BTagMu_AK4Jet300_Mu5_v10/1,ONE,L1_SingleJet200/1.00
1152,305814,1030.0,7.0,1.0,HLT_BTagMu_AK4Jet300_Mu5_v10/1,ONE,L1_SingleJet200/1.00
1153,305814,1160.0,8.0,1.0,HLT_BTagMu_AK4Jet300_Mu5_v10/1,ONE,L1_SingleJet200/1.00
1154,305814,1164.0,7.0,1.0,HLT_BTagMu_AK4Jet300_Mu5_v10/1,ONE,L1_SingleJet200/1.00
1155,305814,1416.0,8.0,1.0,HLT_BTagMu_AK4Jet300_Mu5_v10/1,ONE,L1_SingleJet200/1.00
1156,305821,1.0,2.0,1.0,HLT_BTagMu_AK4Jet300_Mu5_v10/1,ONE,L1_SingleJet200/1.00
1158,305821,42.0,2.0,1.0,HLT_BTagMu_AK4Jet300_Mu5_v10/1,ONE,L1_SingleJet200/1.00
1160,305821,57.0,2.0,1.0,HLT_BTagMu_AK4Jet300_Mu5_v10/1,ONE,L1_SingleJet200/1.00
1161,305821,567.0,3.0,1.0,HLT_BTagMu_AK4Jet300_Mu5_v10/1,ONE,L1_SingleJet200/1.00
1162,305821,720.0,4.0,1.0,HLT_BTagMu_AK4Jet300_Mu5_v10/1,ONE,L1_SingleJet200/1.00
1163,305832,1.0,2.0,1.0,HLT_BTagMu_AK4Jet300_Mu5_v10/1,ONE,L1_SingleJet200/1.00
1165,305832,86.0,2.0,1.0,HLT_BTagMu_AK4Jet300_Mu5_v10/1,ONE,L1_SingleJet200/1.00
1166,305840,1.0,4.0,1.0,HLT_BTagMu_AK4Jet300_Mu5_v10/1,ONE,L1_SingleJet200/1.00
1167,305840,135.0,5.0,1.0,HLT_BTagMu_AK4Jet300_Mu5_v10/1,ONE,L1_SingleJet200/1.00
1168,305840,257.0,6.0,1.0,HLT_BTagMu_AK4Jet300_Mu5_v10/1,ONE,L1_SingleJet200/1.00
1169,305840,448.0,7.0,1.0,HLT_BTagMu_AK4Jet300_Mu5_v10/1,ONE,L1_SingleJet200/1.00
1170,305840,965.0,8.0,1.0,HLT_BTagMu_AK4Jet300_Mu5_v10/1,ONE,L1_SingleJet200/1.00
1171,305842,1.0,8.0,1.0,HLT_BTagMu_AK4Jet300_Mu5_v10/1,ONE,L1_SingleJet200/1.00
1172,305842,431.0,9.0,1.0,HLT_BTagMu_AK4Jet300_Mu5_v10/1,ONE,L1_SingleJet200/1.00
1174,305862,79.0,2.0,1.0,HLT_BTagMu_AK4Jet300_Mu5_v10/1,ONE,L1_SingleJet200/1.00
1175,305862,637.0,3.0,1.0,HLT_BTagMu_AK4Jet300_Mu5_v10/1,ONE,L1_SingleJet200/1.00
1176,305898,1.0,2.0,1.0,HLT_BTagMu_AK4Jet300_Mu5_v10/1,ONE,L1_SingleJet200/1.00
1178,305898,68.0,2.0,1.0,HLT_BTagMu_AK4Jet300_Mu5_v10/1,ONE,L1_SingleJet200/1.00
1179,305898,647.0,3.0,1.0,HLT_BTagMu_AK4Jet300_Mu5_v10/1,ONE,L1_SingleJet200/1.00
1180,305898,747.0,4.0,1.0,HLT_BTagMu_AK4Jet300_Mu5_v10/1,ONE,L1_SingleJet200/1.00
1181,305902,1.0,2.0,1.0,HLT_BTagMu_AK4Jet300_Mu5_v10/1,ONE,L1_SingleJet200/1.00
1183,305902,51.0,2.0,1.0,HLT_BTagMu_AK4Jet300_Mu5_v10/1,ONE,L1_SingleJet200/1.00
1184,305967,1.0,2.0,1.0,HLT_BTagMu_AK4Jet300_Mu5_v10/1,ONE,L1_SingleJet200/1.00
1195,306029,62.0,2.0,1.0,HLT_BTagMu_AK4Jet300_Mu5_v10/1,ONE,L1_SingleJet200/1.00
1196,306029,73.0,1.0,1.0,HLT_BTagMu_AK4Jet300_Mu5_v10/1,ONE,L1_SingleJet200/1.00
1197,306030,1.0,1.0,1.0,HLT_BTagMu_AK4Jet300_Mu5_v10/1,ONE,L1_SingleJet200/1.00
1198,306036,1.0,2.0,1.0,HLT_BTagMu_AK4Jet300_Mu5_v10/1,ONE,L1_SingleJet200/1.00
1200,306036,58.0,2.0,1.0,HLT_BTagMu_AK4Jet300_Mu5_v10/1,ONE,L1_SingleJet200/1.00
1201,306037,1.0,2.0,1.0,HLT_BTagMu_AK4Jet300_Mu5_v10/1,ONE,L1_SingleJet200/1.00
1202,306037,3.0,1.0,1.0,HLT_BTagMu_AK4Jet300_Mu5_v10/1,ONE,L1_SingleJet200/1.00
1203,306038,1.0,1.0,1.0,HLT_BTagMu_AK4Jet300_Mu5_v10/1,ONE,L1_SingleJet200/1.00
1204,306038,7.0,2.0,1.0,HLT_BTagMu_AK4Jet300_Mu5_v10/1,ONE,L1_SingleJet200/1.00
1205,306038,13.0,1.0,1.0,HLT_BTagMu_AK4Jet300_Mu5_v10/1,ONE,L1_SingleJet200/1.00
1206,306038,74.0,2.0,1.0,HLT_BTagMu_AK4Jet300_Mu5_v10/1,ONE,L1_SingleJet200/1.00
1207,306041,1.0,2.0,1.0,HLT_BTagMu_AK4Jet300_Mu5_v10/1,ONE,L1_SingleJet200/1.00
1208,306041,299.0,3.0,1.0,HLT_BTagMu_AK4Jet300_Mu5_v10/1,ONE,L1_SingleJet200/1.00
1209,306042,1.0,3.0,1.0,HLT_BTagMu_AK4Jet300_Mu5_v10/1,ONE,L1_SingleJet200/1.00
1210,306042,70.0,4.0,1.0,HLT_BTagMu_AK4Jet300_Mu5_v10/1,ONE,L1_SingleJet200/1.00
1211,306042,196.0,5.0,1.0,HLT_BTagMu_AK4Jet300_Mu5_v10/1,ONE,L1_SingleJet200/1.00
1212,306042,317.0,6.0,1.0,HLT_BTagMu_AK4Jet300_Mu5_v10/1,ONE,L1_SingleJet200/1.00
1213,306048,1.0,6.0,1.0,HLT_BTagMu_AK4Jet300_Mu5_v10/1,ONE,L1_SingleJet200/1.00
1214,306049,1.0,6.0,1.0,HLT_BTagMu_AK4Jet300_Mu5_v10/1,ONE,L1_SingleJet200/1.00
1215,306049,7.0,7.0,1.0,HLT_BTagMu_AK4Jet300_Mu5_v10/1,ONE,L1_SingleJet200/1.00
1216,306051,1.0,7.0,1.0,HLT_BTagMu_AK4Jet300_Mu5_v10/1,ONE,L1_SingleJet200/1.00
1217,306051,137.0,8.0,1.0,HLT_BTagMu_AK4Jet300_Mu5_v10/1,ONE,L1_SingleJet200/1.00
1218,306091,1.0,2.0,1.0,HLT_BTagMu_AK4Jet300_Mu5_v10/1,ONE,L1_SingleJet200/1.00
1221,306091,422.0,1.0,1.0,HLT_BTagMu_AK4Jet300_Mu5_v10/1,ONE,L1_SingleJet200/1.00
1222,306091,437.0,2.0,1.0,HLT_BTagMu_AK4Jet300_Mu5_v10/1,ONE,L1_SingleJet200/1.00
1223,306091,565.0,3.0,1.0,HLT_BTagMu_AK4Jet300_Mu5_v10/1,ONE,L1_SingleJet200/1.00
1224,306092,1.0,3.0,1.0,HLT_BTagMu_AK4Jet300_Mu5_v10/1,ONE,L1_SingleJet200/1.00
1225,306092,56.0,4.0,1.0,HLT_BTagMu_AK4Jet300_Mu5_v10/1,ONE,L1_SingleJet200/1.00
1226,306092,182.0,5.0,1.0,HLT_BTagMu_AK4Jet300_Mu5_v10/1,ONE,L1_SingleJet200/1.00
1227,306092,275.0,6.0,1.0,HLT_BTagMu_AK4Jet300_Mu5_v10/1,ONE,L1_SingleJet200/1.00
1228,306092,433.0,7.0,1.0,HLT_BTagMu_AK4Jet300_Mu5_v10/1,ONE,L1_SingleJet200/1.00
1229,306095,1.0,7.0,1.0,HLT_BTagMu_AK4Jet300_Mu5_v10/1,ONE,L1_SingleJet200/1.00
1230,306095,25.0,8.0,1.0,HLT_BTagMu_AK4Jet300_Mu5_v10/1,ONE,L1_SingleJet200/1.00
1231,306121,1.0,2.0,1.0,HLT_BTagMu_AK4Jet300_Mu5_v10/1,ONE,L1_SingleJet200/1.00
1232,306122,1.0,2.0,1.0,HLT_BTagMu_AK4Jet300_Mu5_v10/1,ONE,L1_SingleJet200/1.00
1233,306125,1.0,2.0,1.0,HLT_BTagMu_AK4Jet300_Mu5_v10/1,ONE,L1_SingleJet200/1.00
1234,306125,343.0,3.0,1.0,HLT_BTagMu_AK4Jet300_Mu5_v10/1,ONE,L1_SingleJet200/1.00
1235,306125,435.0,4.0,1.0,HLT_BTagMu_AK4Jet300_Mu5_v10/1,ONE,L1_SingleJet200/1.00
1236,306125,573.0,5.0,1.0,HLT_BTagMu_AK4Jet300_Mu5_v10/1,ONE,L1_SingleJet200/1.00
1237,306125,672.0,6.0,1.0,HLT_BTagMu_AK4Jet300_Mu5_v10/1,ONE,L1_SingleJet200/1.00
1238,306125,899.0,7.0,1.0,HLT_BTagMu_AK4Jet300_Mu5_v10/1,ONE,L1_SingleJet200/1.00
1239,306125,1379.0,8.0,1.0,HLT_BTagMu_AK4Jet300_Mu5_v10/1,ONE,L1_SingleJet200/1.00
1240,306125,2004.0,9.0,1.0,HLT_BTagMu_AK4Jet300_Mu5_v10/1,ONE,L1_SingleJet200/1.00
1241,306126,1.0,9.0,1.0,HLT_BTagMu_AK4Jet300_Mu5_v10/1,ONE,L1_SingleJet200/1.00
1242,306126,38.0,20.0,1.0,HLT_BTagMu_AK4Jet300_Mu5_v10/1,ONE,L1_SingleJet200/1.00
1243,306126,48.0,19.0,1.0,HLT_BTagMu_AK4Jet300_Mu5_v10/1,ONE,L1_SingleJet200/1.00
1244,306126,96.0,20.0,1.0,HLT_BTagMu_AK4Jet300_Mu5_v10/1,ONE,L1_SingleJet200/1.00
1245,306126,171.0,10.0,1.0,HLT_BTagMu_AK4Jet300_Mu5_v10/1,ONE,L1_SingleJet200/1.00
1246,306126,199.0,20.0,1.0,HLT_BTagMu_AK4Jet300_Mu5_v10/1,ONE,L1_SingleJet200/1.00
1247,306126,247.0,10.0,1.0,HLT_BTagMu_AK4Jet300_Mu5_v10/1,ONE,L1_SingleJet200/1.00
1248,306134,1.0,2.0,1.0,HLT_BTagMu_AK4Jet300_Mu5_v10/1,ONE,L1_SingleJet200/1.00
1250,306134,51.0,2.0,1.0,HLT_BTagMu_AK4Jet300_Mu5_v10/1,ONE,L1_SingleJet200/1.00
1251,306135,1.0,2.0,1.0,HLT_BTagMu_AK4Jet300_Mu5_v10/1,ONE,L1_SingleJet200/1.00
1252,306135,520.0,3.0,1.0,HLT_BTagMu_AK4Jet300_Mu5_v10/1,ONE,L1_SingleJet200/1.00
1253,306135,524.0,2.0,1.0,HLT_BTagMu_AK4Jet300_Mu5_v10/1,ONE,L1_SingleJet200/1.00
1254,306135,603.0,3.0,1.0,HLT_BTagMu_AK4Jet300_Mu5_v10/1,ONE,L1_SingleJet200/1.00
1255,306135,705.0,4.0,1.0,HLT_BTagMu_AK4Jet300_Mu5_v10/1,ONE,L1_SingleJet200/1.00
1256,306135,819.0,5.0,1.0,HLT_BTagMu_AK4Jet300_Mu5_v10/1,ONE,L1_SingleJet200/1.00
1257,306135,994.0,6.0,1.0,HLT_BTagMu_AK4Jet300_Mu5_v10/1,ONE,L1_SingleJet200/1.00
1258,306138,1.0,2.0,1.0,HLT_BTagMu_AK4Jet300_Mu5_v10/1,ONE,L1_SingleJet200/1.00
1259,306138,6.0,7.0,1.0,HLT_BTagMu_AK4Jet300_Mu5_v10/1,ONE,L1_SingleJet200/1.00
1260,306138,387.0,8.0,1.0,HLT_BTagMu_AK4Jet300_Mu5_v10/1,ONE,L1_SingleJet200/1.00
1261,306138,1018.0,9.0,1.0,HLT_BTagMu_AK4Jet300_Mu5_v10/1,ONE,L1_SingleJet200/1.00
1262,306139,1.0,9.0,1.0,HLT_BTagMu_AK4Jet300_Mu5_v10/1,ONE,L1_SingleJet200/1.00
1263,306139,20.0,19.0,1.0,HLT_BTagMu_AK4Jet300_Mu5_v10/1,ONE,L1_SingleJet200/1.00
1264,306139,42.0,9.0,1.0,HLT_BTagMu_AK4Jet300_Mu5_v10/1,ONE,L1_SingleJet200/1.00
1265,306139,524.0,20.0,1.0,HLT_BTagMu_AK4Jet300_Mu5_v10/1,ONE,L1_SingleJet200/1.00
1266,306139,528.0,19.0,1.0,HLT_BTagMu_AK4Jet300_Mu5_v10/1,ONE,L1_SingleJet200/1.00
1267,306139,550.0,10.0,1.0,HLT_BTagMu_AK4Jet300_Mu5_v10/1,ONE,L1_SingleJet200/1.00
1268,306139,1087.0,20.0,1.0,HLT_BTagMu_AK4Jet300_Mu5_v10/1,ONE,L1_SingleJet200/1.00
1269,306139,1094.0,19.0,1.0,HLT_BTagMu_AK4Jet300_Mu5_v10/1,ONE,L1_SingleJet200/1.00
1270,306153,1.0,2.0,1.0,HLT_BTagMu_AK4Jet300_Mu5_v10/1,ONE,L1_SingleJet200/1.00
1272,306153,77.0,2.0,1.0,HLT_BTagMu_AK4Jet300_Mu5_v10/1,ONE,L1_SingleJet200/1.00
1273,306154,1.0,2.0,1.0,HLT_BTagMu_AK4Jet300_Mu5_v10/1,ONE,L1_SingleJet200/1.00
1274,306154,405.0,3.0,1.0,HLT_BTagMu_AK4Jet300_Mu5_v10/1,ONE,L1_SingleJet200/1.00
1275,306154,594.0,4.0,1.0,HLT_BTagMu_AK4Jet300_Mu5_v10/1,ONE,L1_SingleJet200/1.00
1276,306154,706.0,5.0,1.0,HLT_BTagMu_AK4Jet300_Mu5_v10/1,ONE,L1_SingleJet200/1.00
1277,306154,842.0,6.0,1.0,HLT_BTagMu_AK4Jet300_Mu5_v10/1,ONE,L1_SingleJet200/1.00
1278,306154,1034.0,7.0,1.0,HLT_BTagMu_AK4Jet300_Mu5_v10/1,ONE,L1_SingleJet200/1.00
1279,306155,1.0,7.0,1.0,HLT_BTagMu_AK4Jet300_Mu5_v10/1,ONE,L1_SingleJet200/1.00
1280,306155,303.0,8.0,1.0,HLT_BTagMu_AK4Jet300_Mu5_v10/1,ONE,L1_SingleJet200/1.00
1281,306155,945.0,9.0,1.0,HLT_BTagMu_AK4Jet300_Mu5_v10/1,ONE,L1_SingleJet200/1.00
1282,306169,1.0,9.0,1.0,HLT_BTagMu_AK4Jet300_Mu5_v10/1,ONE,L1_SingleJet200/1.00
1283,306169,371.0,10.0,1.0,HLT_BTagMu_AK4Jet300_Mu5_v10/1,ONE,L1_SingleJet200/1.00
1284,306170,1.0,10.0,1.0,HLT_BTagMu_AK4Jet300_Mu5_v10/1,ONE,L1_SingleJet200/1.00
1285,306171,1.0,2.0,1.0,HLT_BTagMu_AK4Jet300_Mu5_v10/1,ONE,L1_SingleJet200/1.00
1286,306171,10.0,10.0,1.0,HLT_BTagMu_AK4Jet300_Mu5_v10/1,ONE,L1_SingleJet200/1.00
1287,306418,1.0,2.0,1.0,HLT_BTagMu_AK4Jet300_Mu5_v11/1,ONE,L1_SingleJet200/1.00
1288,306419,1.0,2.0,1.0,HLT_BTagMu_AK4Jet300_Mu5_v11/1,ONE,L1_SingleJet200/1.00
1289,306420,1.0,2.0,1.0,HLT_BTagMu_AK4Jet300_Mu5_v11/1,ONE,L1_SingleJet200/1.00
1290,306422,1.0,2.0,1.0,HLT_BTagMu_AK4Jet300_Mu5_v11/1,ONE,L1_SingleJet200/1.00
1291,306422,4.0,3.0,1.0,HLT_BTagMu_AK4Jet300_Mu5_v11/1,ONE,L1_SingleJet200/1.00
1292,306423,1.0,3.0,1.0,HLT_BTagMu_AK4Jet300_Mu5_v11/1,ONE,L1_SingleJet200/1.00
1293,306423,111.0,5.0,1.0,HLT_BTagMu_AK4Jet300_Mu5_v11/1,ONE,L1_SingleJet200/1.00
1294,306423,237.0,6.0,1.0,HLT_BTagMu_AK4Jet300_Mu5_v11/1,ONE,L1_SingleJet200/1.00
1295,306432,1.0,7.0,1.0,HLT_BTagMu_AK4Jet300_Mu5_v11/1,ONE,L1_SingleJet200/1.00
1296,306432,174.0,20.0,1.0,HLT_BTagMu_AK4Jet300_Mu5_v11/1,ONE,L1_SingleJet200/1.00
1297,306432,337.0,7.0,1.0,HLT_BTagMu_AK4Jet300_Mu5_v11/1,ONE,L1_SingleJet200/1.00
1298,306454,1.0,2.0,1.0,HLT_BTagMu_AK4Jet300_Mu5_v11/1,ONE,L1_SingleJet200/1.00
1299,306455,1.0,2.0,1.0,HLT_BTagMu_AK4Jet300_Mu5_v11/1,ONE,L1_SingleJet200/1.00
1300,306456,1.0,2.0,1.0,HLT_BTagMu_AK4Jet300_Mu5_v11/1,ONE,L1_SingleJet200/1.00
1301,306456,484.0,4.0,1.0,HLT_BTagMu_AK4Jet300_Mu5_v11/1,ONE,L1_SingleJet200/1.00
1302,306456,625.0,5.0,1.0,HLT_BTagMu_AK4Jet300_Mu5_v11/1,ONE,L1_SingleJet200/1.00
1303,306457,1.0,5.0,1.0,HLT_BTagMu_AK4Jet300_Mu5_v11/1,ONE,L1_SingleJet200/1.00
1304,306458,1.0,5.0,1.0,HLT_BTagMu_AK4Jet300_Mu5_v11/1,ONE,L1_SingleJet200/1.00
1305,306458,12.0,17.0,1.0,HLT_BTagMu_AK4Jet300_Mu5_v11/1,ONE,L1_SingleJet200/1.00
1306,306458,40.0,16.0,1.0,HLT_BTagMu_AK4Jet300_Mu5_v11/1,ONE,L1_SingleJet200/1.00
1307,306459,1.0,16.0,1.0,HLT_BTagMu_AK4Jet300_Mu5_v11/1,ONE,L1_SingleJet200/1.00
1308,306459,5.0,7.0,1.0,HLT_BTagMu_AK4Jet300_Mu5_v11/1,ONE,L1_SingleJet200/1.00
1309,306459,357.0,8.0,1.0,HLT_BTagMu_AK4Jet300_Mu5_v11/1,ONE,L1_SingleJet200/1.00
1310,306459,952.0,9.0,1.0,HLT_BTagMu_AK4Jet300_Mu5_v11/1,ONE,L1_SingleJet200/1.00
1311,306459,2020.0,10.0,1.0,HLT_BTagMu_AK4Jet300_Mu5_v11/1,ONE,L1_SingleJet200/1.00
1312,306460,1.0,10.0,1.0,HLT_BTagMu_AK4Jet300_Mu5_v11/1,ONE,L1_SingleJet200/1.00
